Local time,Open,High,Low,Close,Volume
10.08.2003 16:00:00.000 GMT-0500,0.65226,0.66100,0.64986,0.65951,620981.1098000001
17.08.2003 16:00:00.000 GMT-0500,0.66009,0.66190,0.64679,0.65190,641181.5756999999
24.08.2003 16:00:00.000 GMT-0500,0.65090,0.65320,0.63497,0.64665,638699.7423999998
31.08.2003 16:00:00.000 GMT-0500,0.64652,0.64864,0.63392,0.64745,629390.3275999997
07.09.2003 16:00:00.000 GMT-0500,0.64664,0.66409,0.64420,0.66296,642652.0676999999
14.09.2003 16:00:00.000 GMT-0500,0.66198,0.67338,0.65821,0.67227,639756.2772000001
21.09.2003 16:00:00.000 GMT-0500,0.67671,0.68373,0.67254,0.67336,649479.5731999999
28.09.2003 16:00:00.000 GMT-0500,0.67545,0.68770,0.66759,0.67875,647452.0151999998
05.10.2003 16:00:00.000 GMT-0500,0.67855,0.69570,0.67547,0.69127,635100.5434999998
12.10.2003 16:00:00.000 GMT-0500,0.69233,0.69323,0.68210,0.69229,637411.8065000002
19.10.2003 16:00:00.000 GMT-0500,0.69345,0.70735,0.68914,0.69860,643696.5386999999
26.10.2003 17:00:00.000 GMT-0500,0.69840,0.71067,0.69777,0.70799,647714.3142
02.11.2003 17:00:00.000 GMT-0500,0.70664,0.71245,0.69534,0.70810,649612.2131000003
09.11.2003 17:00:00.000 GMT-0500,0.70834,0.72240,0.70827,0.72022,2749775.115999998
16.11.2003 17:00:00.000 GMT-0500,0.72016,0.72655,0.70890,0.72325,627282.6534
23.11.2003 17:00:00.000 GMT-0500,0.72291,0.72555,0.71504,0.72340,616072.8385000002
30.11.2003 17:00:00.000 GMT-0500,0.72332,0.73810,0.72226,0.73597,653723.0629999998
07.12.2003 17:00:00.000 GMT-0500,0.73634,0.74365,0.73287,0.74170,659206.4194000001
14.12.2003 17:00:00.000 GMT-0500,0.73723,0.74550,0.73430,0.73565,659115.029
21.12.2003 17:00:00.000 GMT-0500,0.73667,0.74375,0.73201,0.74140,518929.15819999995
28.12.2003 17:00:00.000 GMT-0500,0.74057,0.75915,0.73975,0.75737,533696.5870999998
04.01.2004 17:00:00.000 GMT-0500,0.75793,0.77830,0.75719,0.77609,717282.2522999999
11.01.2004 17:00:00.000 GMT-0500,0.77713,0.78115,0.76072,0.76272,715722.4947000004
18.01.2004 17:00:00.000 GMT-0500,0.76250,0.77965,0.75236,0.77079,715983.7333000001
25.01.2004 17:00:00.000 GMT-0500,0.76983,0.78125,0.75420,0.76350,724902.3075999997
01.02.2004 17:00:00.000 GMT-0500,0.76282,0.77095,0.75528,0.77002,12287825.642
08.02.2004 17:00:00.000 GMT-0500,0.76566,0.79430,0.76430,0.78937,12321667.215900002
15.02.2004 17:00:00.000 GMT-0500,0.78916,0.80022,0.76357,0.77084,12365836.42670001
22.02.2004 17:00:00.000 GMT-0500,0.76975,0.78158,0.76492,0.77320,12342762.579000002
29.02.2004 17:00:00.000 GMT-0500,0.77254,0.77655,0.73970,0.75891,12328067.297899999
07.03.2004 17:00:00.000 GMT-0500,0.76035,0.76565,0.72490,0.73288,12339945.781700008
14.03.2004 17:00:00.000 GMT-0500,0.73095,0.75308,0.72864,0.74879,12347299.289500007
21.03.2004 17:00:00.000 GMT-0500,0.74724,0.75573,0.73670,0.74566,12322402.7661
28.03.2004 17:00:00.000 GMT-0500,0.74507,0.76910,0.74279,0.75708,12336136.1062
04.04.2004 16:00:00.000 GMT-0500,0.75504,0.76905,0.75064,0.76225,12229029.534699999
11.04.2004 16:00:00.000 GMT-0500,0.76300,0.76886,0.72940,0.74330,12715127.531999994
18.04.2004 16:00:00.000 GMT-0500,0.74300,0.75107,0.72313,0.73243,13018790.586600004
25.04.2004 16:00:00.000 GMT-0500,0.73307,0.73670,0.71210,0.71978,13027511.876000008
02.05.2004 16:00:00.000 GMT-0500,0.72145,0.73418,0.70146,0.70291,13027527.141900007
09.05.2004 16:00:00.000 GMT-0500,0.70284,0.70433,0.68281,0.69089,12988212.719800008
16.05.2004 16:00:00.000 GMT-0500,0.69094,0.70335,0.67912,0.69723,12944819.293900004
23.05.2004 16:00:00.000 GMT-0500,0.69717,0.71985,0.69411,0.71390,13099666.336900003
30.05.2004 16:00:00.000 GMT-0500,0.71374,0.71740,0.68440,0.69535,12699735.727500003
06.06.2004 16:00:00.000 GMT-0500,0.69627,0.70770,0.68597,0.69194,13044719.563300006
13.06.2004 16:00:00.000 GMT-0500,0.69169,0.69930,0.67753,0.68824,13271050.594500007
20.06.2004 16:00:00.000 GMT-0500,0.68820,0.70232,0.68414,0.70018,13360621.36
27.06.2004 16:00:00.000 GMT-0500,0.70007,0.71383,0.68715,0.71276,13303327.036000006
04.07.2004 16:00:00.000 GMT-0500,0.71247,0.72422,0.71088,0.72184,13303657.852800013
11.07.2004 16:00:00.000 GMT-0500,0.72167,0.73245,0.71933,0.73167,13332472.793800002
18.07.2004 16:00:00.000 GMT-0500,0.73160,0.73471,0.70704,0.70896,13339762.442200009
25.07.2004 16:00:00.000 GMT-0500,0.70858,0.71398,0.69304,0.70093,13397430.418400006
01.08.2004 16:00:00.000 GMT-0500,0.70094,0.71562,0.69845,0.71348,13419973.036100006
08.08.2004 16:00:00.000 GMT-0500,0.71286,0.71795,0.70547,0.71648,13445525.55580001
15.08.2004 16:00:00.000 GMT-0500,0.71507,0.72620,0.71276,0.72340,13415366.9265
22.08.2004 16:00:00.000 GMT-0500,0.72270,0.72360,0.69986,0.70183,13453918.516200002
29.08.2004 16:00:00.000 GMT-0500,0.70077,0.70772,0.68805,0.69080,13633310.06720001
05.09.2004 16:00:00.000 GMT-0500,0.69115,0.69910,0.68498,0.69495,13555396.47740001
12.09.2004 16:00:00.000 GMT-0500,0.69482,0.70460,0.69290,0.69736,13635366.99660001
19.09.2004 16:00:00.000 GMT-0500,0.69592,0.71689,0.69582,0.71400,13607022.469800008
26.09.2004 16:00:00.000 GMT-0500,0.71409,0.72850,0.70954,0.72569,13713162.465500005
03.10.2004 16:00:00.000 GMT-0500,0.72368,0.73628,0.71818,0.73453,13628402.200200006
10.10.2004 16:00:00.000 GMT-0500,0.73583,0.73815,0.72111,0.73076,13749657.262900012
17.10.2004 16:00:00.000 GMT-0500,0.73005,0.74029,0.72174,0.73969,13646846.24720001
24.10.2004 16:00:00.000 GMT-0500,0.74085,0.75075,0.73661,0.74786,13744491.993300006
31.10.2004 17:00:00.000 GMT-0500,0.74828,0.76330,0.74310,0.76237,13667552.446400002
07.11.2004 17:00:00.000 GMT-0500,0.76237,0.76993,0.75490,0.76886,13590019.2665
14.11.2004 17:00:00.000 GMT-0500,0.76767,0.78610,0.76750,0.78297,13700832.5164
21.11.2004 17:00:00.000 GMT-0500,0.78357,0.79465,0.77676,0.79025,13672555.704000004
28.11.2004 17:00:00.000 GMT-0500,0.78843,0.79020,0.76951,0.78126,13813948.360900005
05.12.2004 17:00:00.000 GMT-0500,0.78018,0.78225,0.74418,0.75057,13685514.683899997
12.12.2004 17:00:00.000 GMT-0500,0.74757,0.76675,0.74741,0.76197,13872841.149600009
19.12.2004 17:00:00.000 GMT-0500,0.76332,0.77112,0.76094,0.76872,13831879.036100004
26.12.2004 17:00:00.000 GMT-0500,0.76907,0.78413,0.76777,0.77983,13816710.204000002
02.01.2005 17:00:00.000 GMT-0500,0.77999,0.78369,0.75367,0.75715,13957605.911000004
09.01.2005 17:00:00.000 GMT-0500,0.75667,0.76958,0.75482,0.75880,14095232.606600007
16.01.2005 17:00:00.000 GMT-0500,0.75934,0.77128,0.75027,0.76891,13691666.602400005
23.01.2005 17:00:00.000 GMT-0500,0.76853,0.77998,0.76241,0.77451,14279341.88780001
30.01.2005 17:00:00.000 GMT-0500,0.77345,0.77880,0.76685,0.77000,14190889.641600002
06.02.2005 17:00:00.000 GMT-0500,0.76800,0.78630,0.76101,0.78534,14314366.899800004
13.02.2005 17:00:00.000 GMT-0500,0.78515,0.78945,0.77835,0.78811,14218297.637900008
20.02.2005 17:00:00.000 GMT-0500,0.78806,0.79520,0.78038,0.78579,14335033.039900005
27.02.2005 17:00:00.000 GMT-0500,0.78643,0.79423,0.77679,0.78999,14221362.446000006
06.03.2005 17:00:00.000 GMT-0500,0.78914,0.79885,0.78706,0.79280,14352680.286300002
13.03.2005 17:00:00.000 GMT-0500,0.79232,0.79555,0.78557,0.79470,14253621.048500009
20.03.2005 17:00:00.000 GMT-0500,0.79339,0.79383,0.76942,0.77113,14415338.204300007
27.03.2005 17:00:00.000 GMT-0500,0.77187,0.77755,0.76647,0.77080,14358720.001000008
03.04.2005 16:00:00.000 GMT-0500,0.77007,0.77345,0.76236,0.77104,14456453.177200008
10.04.2005 16:00:00.000 GMT-0500,0.77105,0.78053,0.76497,0.76789,14561276.762600003
17.04.2005 16:00:00.000 GMT-0500,0.76790,0.78313,0.76310,0.78069,14496115.634000007
24.04.2005 16:00:00.000 GMT-0500,0.78068,0.78403,0.77390,0.78122,14569241.84890001
01.05.2005 16:00:00.000 GMT-0500,0.78045,0.78270,0.77184,0.77490,14498898.352100005
08.05.2005 16:00:00.000 GMT-0500,0.77462,0.77910,0.75963,0.76104,14602426.20410001
15.05.2005 16:00:00.000 GMT-0500,0.76138,0.76210,0.75268,0.75529,14607633.582600003
22.05.2005 16:00:00.000 GMT-0500,0.75496,0.76485,0.75418,0.76284,14808413.794100003
29.05.2005 16:00:00.000 GMT-0500,0.76143,0.76352,0.74671,0.75536,14711726.626000006
05.06.2005 16:00:00.000 GMT-0500,0.75541,0.77040,0.75421,0.76077,14758252.407700015
12.06.2005 16:00:00.000 GMT-0500,0.76064,0.77811,0.75825,0.77725,15345598.04030001
19.06.2005 16:00:00.000 GMT-0500,0.77704,0.78075,0.76661,0.76924,15406373.641700007
26.06.2005 16:00:00.000 GMT-0500,0.76876,0.77065,0.74937,0.75162,15328930.400200015
03.07.2005 16:00:00.000 GMT-0500,0.75208,0.75271,0.73623,0.74117,15435664.438300008
10.07.2005 16:00:00.000 GMT-0500,0.74175,0.75730,0.74103,0.74865,15364665.372100007
17.07.2005 16:00:00.000 GMT-0500,0.74829,0.76833,0.74670,0.76280,15480517.778200008
24.07.2005 16:00:00.000 GMT-0500,0.76264,0.76435,0.75220,0.75617,15520566.552000007
31.07.2005 16:00:00.000 GMT-0500,0.75574,0.77425,0.75471,0.76764,15519128.274400003
07.08.2005 16:00:00.000 GMT-0500,0.76735,0.77513,0.75800,0.77119,15415773.071000004
14.08.2005 16:00:00.000 GMT-0500,0.77186,0.77428,0.74915,0.75074,15495432.575300004
21.08.2005 16:00:00.000 GMT-0500,0.75094,0.76170,0.75010,0.75570,15413977.2469
28.08.2005 16:00:00.000 GMT-0500,0.75580,0.76655,0.74540,0.76471,15519878.621700006
04.09.2005 16:00:00.000 GMT-0500,0.76468,0.77544,0.76323,0.77462,15518834.14950001
11.09.2005 16:00:00.000 GMT-0500,0.77516,0.77655,0.76386,0.76737,15601385.938200003
18.09.2005 16:00:00.000 GMT-0500,0.76540,0.77335,0.75610,0.75651,15559107.989400009
25.09.2005 16:00:00.000 GMT-0500,0.75624,0.76437,0.75212,0.76163,15688874.599200012
02.10.2005 16:00:00.000 GMT-0500,0.76215,0.76473,0.75488,0.75665,15625543.731600013
09.10.2005 16:00:00.000 GMT-0500,0.75637,0.76033,0.74541,0.75183,15712842.024200005
16.10.2005 16:00:00.000 GMT-0500,0.75203,0.75510,0.74350,0.74802,15730804.750800006
23.10.2005 16:00:00.000 GMT-0500,0.74777,0.76067,0.74570,0.74860,15797610.883900011
30.10.2005 17:00:00.000 GMT-0500,0.74893,0.75207,0.73088,0.73281,15699085.844800007
06.11.2005 17:00:00.000 GMT-0500,0.73174,0.73825,0.72807,0.73251,15574502.630400011
13.11.2005 17:00:00.000 GMT-0500,0.73196,0.73542,0.72588,0.73299,15710649.407800015
20.11.2005 17:00:00.000 GMT-0500,0.73210,0.74035,0.73130,0.73509,16723948.907600012
27.11.2005 17:00:00.000 GMT-0500,0.73368,0.74886,0.73147,0.74720,17895732.134400014
04.12.2005 17:00:00.000 GMT-0500,0.74654,0.75410,0.74360,0.74988,20851857.083900016
11.12.2005 17:00:00.000 GMT-0500,0.74803,0.75810,0.74114,0.74279,20940669.439300023
18.12.2005 17:00:00.000 GMT-0500,0.74395,0.74675,0.72605,0.72798,20925723.244000025
25.12.2005 17:00:00.000 GMT-0500,0.72821,0.73428,0.72258,0.73183,21015726.302600015
01.01.2006 17:00:00.000 GMT-0500,0.73213,0.75495,0.73074,0.75340,20949176.220100004
08.01.2006 17:00:00.000 GMT-0500,0.75282,0.75640,0.74753,0.75372,21029838.72800002
15.01.2006 17:00:00.000 GMT-0500,0.75385,0.75737,0.74362,0.74721,20927975.673000008
22.01.2006 17:00:00.000 GMT-0500,0.74807,0.75590,0.74727,0.74863,21064762.595800016
29.01.2006 17:00:00.000 GMT-0500,0.74876,0.75860,0.74686,0.74811,20966463.064100012
05.02.2006 17:00:00.000 GMT-0500,0.74916,0.74965,0.73559,0.73686,21057334.204900015
12.02.2006 17:00:00.000 GMT-0500,0.73676,0.74415,0.73401,0.73860,21009728.35240001
19.02.2006 17:00:00.000 GMT-0500,0.73825,0.74208,0.73356,0.73851,21071719.13010002
26.02.2006 17:00:00.000 GMT-0500,0.73809,0.74845,0.73515,0.74488,20988900.68900002
05.03.2006 17:00:00.000 GMT-0500,0.74399,0.74810,0.72945,0.73077,21049867.86830001
12.03.2006 17:00:00.000 GMT-0500,0.73162,0.74082,0.72577,0.72708,20970709.466200013
19.03.2006 17:00:00.000 GMT-0500,0.72755,0.72784,0.70540,0.70756,21061736.509400018
26.03.2006 17:00:00.000 GMT-0500,0.70829,0.71730,0.70083,0.71608,20944124.67750002
02.04.2006 16:00:00.000 GMT-0500,0.71564,0.73391,0.71087,0.72537,21080260.14200002
09.04.2006 16:00:00.000 GMT-0500,0.72527,0.73415,0.72345,0.72711,21142518.1261
16.04.2006 16:00:00.000 GMT-0500,0.72699,0.74802,0.72625,0.74303,21038962.352800015
23.04.2006 16:00:00.000 GMT-0500,0.74527,0.76022,0.74123,0.75879,21148019.85300002
30.04.2006 16:00:00.000 GMT-0500,0.75810,0.77407,0.75444,0.77147,21099000.391800005
07.05.2006 16:00:00.000 GMT-0500,0.77107,0.77910,0.76275,0.77206,21233156.103200022
14.05.2006 16:00:00.000 GMT-0500,0.77221,0.77473,0.75185,0.75752,21137864.743700016
21.05.2006 16:00:00.000 GMT-0500,0.75747,0.76158,0.74581,0.75682,21223009.352600016
28.05.2006 16:00:00.000 GMT-0500,0.75617,0.76505,0.74340,0.75118,21179617.19660001
04.06.2006 16:00:00.000 GMT-0500,0.75117,0.75430,0.73808,0.74744,21201333.517200015
11.06.2006 16:00:00.000 GMT-0500,0.74738,0.74977,0.73380,0.73755,21089692.321700014
18.06.2006 16:00:00.000 GMT-0500,0.73796,0.74185,0.72994,0.73141,21113006.86910003
25.06.2006 16:00:00.000 GMT-0500,0.73079,0.74485,0.72640,0.74107,21063352.74360001
02.07.2006 16:00:00.000 GMT-0500,0.74154,0.75274,0.73923,0.75062,21063088.595200006
09.07.2006 16:00:00.000 GMT-0500,0.75152,0.75665,0.74532,0.75250,20976258.673200015
16.07.2006 16:00:00.000 GMT-0500,0.75317,0.75417,0.73980,0.75160,21046952.25900001
23.07.2006 16:00:00.000 GMT-0500,0.75392,0.76736,0.74964,0.76688,20987911.493900016
30.07.2006 16:00:00.000 GMT-0500,0.76619,0.76805,0.75814,0.76515,21072820.939300023
06.08.2006 16:00:00.000 GMT-0500,0.76544,0.77140,0.75577,0.76536,20926152.118700013
13.08.2006 16:00:00.000 GMT-0500,0.76647,0.77005,0.75590,0.75855,20994388.571400013
20.08.2006 16:00:00.000 GMT-0500,0.75896,0.76710,0.75441,0.75662,20921037.602800008
27.08.2006 16:00:00.000 GMT-0500,0.75717,0.76736,0.75566,0.76647,20961480.220300015
03.09.2006 16:00:00.000 GMT-0500,0.76598,0.77211,0.75243,0.75310,20953774.392000012
10.09.2006 16:00:00.000 GMT-0500,0.75319,0.75695,0.74785,0.75243,21051425.525000013
17.09.2006 16:00:00.000 GMT-0500,0.75214,0.75793,0.74859,0.74941,20917873.274500012
24.09.2006 16:00:00.000 GMT-0500,0.75052,0.75560,0.74297,0.74674,21000133.400200013
01.10.2006 16:00:00.000 GMT-0500,0.74583,0.74935,0.74091,0.74213,20927658.454900015
08.10.2006 16:00:00.000 GMT-0500,0.74257,0.75257,0.74094,0.75058,20998384.845800012
15.10.2006 16:00:00.000 GMT-0500,0.75036,0.76036,0.74872,0.75788,20986025.892200015
22.10.2006 16:00:00.000 GMT-0500,0.75781,0.76952,0.75537,0.76757,21055928.517100006
29.10.2006 17:00:00.000 GMT-0500,0.76782,0.77660,0.76677,0.76915,21024823.80250001
05.11.2006 17:00:00.000 GMT-0500,0.76944,0.77611,0.76375,0.76649,20934847.466200016
12.11.2006 17:00:00.000 GMT-0500,0.76663,0.76965,0.76083,0.76850,1153790.8107000003
19.11.2006 17:00:00.000 GMT-0500,0.76853,0.77910,0.76692,0.77847,1150212.4397
26.11.2006 17:00:00.000 GMT-0500,0.78117,0.79271,0.77584,0.78850,1154626.1688000003
03.12.2006 17:00:00.000 GMT-0500,0.78913,0.79305,0.78277,0.78512,1152090.7287
10.12.2006 17:00:00.000 GMT-0500,0.78469,0.78950,0.77810,0.78110,1154825.6750999996
17.12.2006 17:00:00.000 GMT-0500,0.78097,0.78793,0.77752,0.78312,1152948.7516000003
24.12.2006 17:00:00.000 GMT-0500,0.78287,0.80535,0.77890,0.78802,1154585.8099000005
31.12.2006 17:00:00.000 GMT-0500,0.78911,0.79790,0.77761,0.77815,1152467.9110000008
07.01.2007 17:00:00.000 GMT-0500,0.77876,0.78404,0.77544,0.78320,1155769.4075999996
14.01.2007 17:00:00.000 GMT-0500,0.78377,0.79062,0.78050,0.78948,4896227.4416
21.01.2007 17:00:00.000 GMT-0500,0.78914,0.79383,0.77145,0.77250,1156337.7447
28.01.2007 17:00:00.000 GMT-0500,0.77330,0.77721,0.76927,0.77455,1151972.1335999998
04.02.2007 17:00:00.000 GMT-0500,0.77403,0.78230,0.77196,0.77600,1156116.4094999998
11.02.2007 17:00:00.000 GMT-0500,0.77565,0.78737,0.77020,0.78680,1152918.1304000001
18.02.2007 17:00:00.000 GMT-0500,0.78648,0.79264,0.78408,0.79140,1154911.0261000001
25.02.2007 17:00:00.000 GMT-0500,0.79066,0.79475,0.78057,0.78130,1152811.9047
04.03.2007 17:00:00.000 GMT-0500,0.78070,0.78231,0.76754,0.77990,1156080.9829000002
11.03.2007 16:00:00.000 GMT-0500,0.78049,0.79727,0.77928,0.79529,1151663.1749999993
18.03.2007 16:00:00.000 GMT-0500,0.79461,0.80890,0.79271,0.80430,1143825.8563999995
25.03.2007 16:00:00.000 GMT-0500,0.80424,0.81178,0.80255,0.80848,1190231.1401
01.04.2007 16:00:00.000 GMT-0500,0.80940,0.82097,0.80627,0.81577,34937.22
08.04.2007 16:00:00.000 GMT-0500,0.81557,0.83377,0.81517,0.83297,27758.48000000001
15.04.2007 16:00:00.000 GMT-0500,0.83367,0.83917,0.82817,0.83757,30022.409999999996
22.04.2007 16:00:00.000 GMT-0500,0.83557,0.83577,0.82337,0.83007,34239.20999999999
29.04.2007 16:00:00.000 GMT-0500,0.82677,0.83297,0.81697,0.82127,29804.42000000001
06.05.2007 16:00:00.000 GMT-0500,0.82477,0.83347,0.82297,0.83147,30129.63
13.05.2007 16:00:00.000 GMT-0500,0.83367,0.83477,0.82027,0.82377,27443.239999999998
20.05.2007 16:00:00.000 GMT-0500,0.82367,0.82667,0.81747,0.81837,27110.260000000002
27.05.2007 16:00:00.000 GMT-0500,0.81887,0.83287,0.81627,0.83227,26361.549899999995
03.06.2007 16:00:00.000 GMT-0500,0.83107,0.84757,0.83097,0.84377,38221.51100000001
10.06.2007 16:00:00.000 GMT-0500,0.84357,0.84457,0.83317,0.84187,30772.839999999993
17.06.2007 16:00:00.000 GMT-0500,0.84217,0.84937,0.83977,0.84607,25757.41
24.06.2007 16:00:00.000 GMT-0500,0.84927,0.85217,0.83547,0.84810,47802.560000000005
01.07.2007 16:00:00.000 GMT-0500,0.85197,0.86087,0.85117,0.85767,27018.57
08.07.2007 16:00:00.000 GMT-0500,0.85777,0.86967,0.85647,0.86937,32309.78999999999
15.07.2007 16:00:00.000 GMT-0500,0.87067,0.88337,0.87067,0.87927,30696.410000000007
22.07.2007 16:00:00.000 GMT-0500,0.88067,0.88707,0.85237,0.85237,45966.56309999999
29.07.2007 16:00:00.000 GMT-0500,0.85127,0.86147,0.84457,0.85567,51836.350000000006
05.08.2007 16:00:00.000 GMT-0500,0.85457,0.86627,0.83997,0.84497,43825.21009999999
12.08.2007 16:00:00.000 GMT-0500,0.84767,0.85047,0.76737,0.79767,83336.5198
19.08.2007 16:00:00.000 GMT-0500,0.79187,0.82667,0.79067,0.82667,63019.730099999986
26.08.2007 16:00:00.000 GMT-0500,0.82877,0.83337,0.80507,0.81827,53974.020000000026
02.09.2007 16:00:00.000 GMT-0500,0.82187,0.83097,0.81817,0.82667,44446.68000000001
09.09.2007 16:00:00.000 GMT-0500,0.81967,0.84377,0.81897,0.84207,81849.85999999999
16.09.2007 16:00:00.000 GMT-0500,0.84357,0.87027,0.82747,0.86452,102400.91029999997
23.09.2007 16:00:00.000 GMT-0500,0.86832,0.88858,0.86107,0.88727,95396.46979999996
30.09.2007 16:00:00.000 GMT-0500,0.88889,0.90047,0.87947,0.89735,118345.38979999999
07.10.2007 16:00:00.000 GMT-0500,0.90127,0.90597,0.89127,0.90327,107731.30020000004
14.10.2007 16:00:00.000 GMT-0500,0.90437,0.90777,0.88157,0.89459,132244.39090000003
21.10.2007 16:00:00.000 GMT-0500,0.88567,0.91817,0.87507,0.91807,134764.9503
28.10.2007 16:00:00.000 GMT-0500,0.92157,0.93443,0.91067,0.92317,141069.8307
04.11.2007 17:00:00.000 GMT-0500,0.92077,0.94000,0.91017,0.91277,156068.98990000002
11.11.2007 17:00:00.000 GMT-0500,0.90237,0.90687,0.87527,0.89187,175711.9601000001
18.11.2007 17:00:00.000 GMT-0500,0.89597,0.89597,0.86522,0.87697,144377.66019999995
25.11.2007 17:00:00.000 GMT-0500,0.88217,0.89195,0.86662,0.88307,158761.5407999999
02.12.2007 17:00:00.000 GMT-0500,0.87997,0.88437,0.86597,0.87737,105301.80959999998
09.12.2007 17:00:00.000 GMT-0500,0.87577,0.89017,0.86053,0.86137,122713.10030000005
16.12.2007 17:00:00.000 GMT-0500,0.86367,0.86970,0.85527,0.86702,122242.32980000002
23.12.2007 17:00:00.000 GMT-0500,0.86786,0.87917,0.86757,0.87508,33599.1699
30.12.2007 17:00:00.000 GMT-0500,0.88023,0.88539,0.86995,0.87029,84806.65209999998
06.01.2008 17:00:00.000 GMT-0500,0.87070,0.89752,0.86827,0.89091,172251.3675
13.01.2008 17:00:00.000 GMT-0500,0.89572,0.90187,0.86997,0.88002,204480.04959999994
20.01.2008 17:00:00.000 GMT-0500,0.87662,0.88527,0.85117,0.88017,219247.78920000006
27.01.2008 17:00:00.000 GMT-0500,0.87857,0.90462,0.87667,0.90427,165567.32400000005
03.02.2008 17:00:00.000 GMT-0500,0.90432,0.90998,0.88737,0.89512,172398.14940000002
10.02.2008 17:00:00.000 GMT-0500,0.90043,0.90977,0.89227,0.90822,147148.17779999998
17.02.2008 17:00:00.000 GMT-0500,0.91272,0.92502,0.91018,0.92327,151863.0201
24.02.2008 17:00:00.000 GMT-0500,0.92358,0.94967,0.92227,0.93139,187375.68069999985
02.03.2008 17:00:00.000 GMT-0500,0.92992,0.94210,0.92172,0.92757,200853.26090000014
09.03.2008 16:00:00.000 GMT-0500,0.92975,0.94712,0.91477,0.93694,194380.83060000013
16.03.2008 16:00:00.000 GMT-0500,0.93442,0.93537,0.89521,0.90142,176170.55990000008
23.03.2008 16:00:00.000 GMT-0500,0.89857,0.92527,0.89772,0.91754,164291.7188
30.03.2008 16:00:00.000 GMT-0500,0.91630,0.92280,0.90307,0.92159,179120.87009999997
06.04.2008 16:00:00.000 GMT-0500,0.91977,0.93459,0.91772,0.92897,161416.3006
13.04.2008 16:00:00.000 GMT-0500,0.92204,0.94004,0.92050,0.93426,190000.7892
20.04.2008 16:00:00.000 GMT-0500,0.93602,0.95407,0.92907,0.93187,207499.09079999998
27.04.2008 16:00:00.000 GMT-0500,0.93532,0.94715,0.92747,0.93595,224910.10759999993
04.05.2008 16:00:00.000 GMT-0500,0.93740,0.95056,0.93487,0.94312,176368.76990000007
11.05.2008 16:00:00.000 GMT-0500,0.93757,0.95592,0.92907,0.95446,209037.29990000004
18.05.2008 16:00:00.000 GMT-0500,0.95356,0.96532,0.95099,0.95997,182242.2594000001
25.05.2008 16:00:00.000 GMT-0500,0.95937,0.96367,0.95117,0.95585,182312.5302
01.06.2008 16:00:00.000 GMT-0500,0.95323,0.96406,0.94861,0.95916,280964.5017
08.06.2008 16:00:00.000 GMT-0500,0.96172,0.96467,0.93272,0.93864,216442.14859999993
15.06.2008 16:00:00.000 GMT-0500,0.93727,0.95667,0.93694,0.95402,169682.9391
22.06.2008 16:00:00.000 GMT-0500,0.95517,0.96327,0.94927,0.96029,172772.12970000002
29.06.2008 16:00:00.000 GMT-0500,0.96250,0.96668,0.95118,0.96315,158094.38989999995
06.07.2008 16:00:00.000 GMT-0500,0.96116,0.97161,0.94757,0.96556,187307.47050000005
13.07.2008 16:00:00.000 GMT-0500,0.96670,0.98497,0.96650,0.97017,192189.98020000002
20.07.2008 16:00:00.000 GMT-0500,0.97429,0.97921,0.95387,0.95583,207496.47949999996
27.07.2008 16:00:00.000 GMT-0500,0.95290,0.95938,0.92862,0.92909,216507.29090000002
03.08.2008 16:00:00.000 GMT-0500,0.93167,0.93458,0.88661,0.88911,241859.76979999992
10.08.2008 16:00:00.000 GMT-0500,0.88744,0.89518,0.85906,0.86530,297053.47930000006
17.08.2008 16:00:00.000 GMT-0500,0.87197,0.88122,0.86242,0.86630,241098.5702
24.08.2008 16:00:00.000 GMT-0500,0.86397,0.86930,0.84930,0.85857,257359.90019999997
31.08.2008 16:00:00.000 GMT-0500,0.85388,0.85538,0.80277,0.81269,302404.2098000001
07.09.2008 16:00:00.000 GMT-0500,0.83055,0.83527,0.78993,0.82268,337596.01990000013
14.09.2008 16:00:00.000 GMT-0500,0.82138,0.83604,0.77997,0.83357,353188.0791999999
21.09.2008 16:00:00.000 GMT-0500,0.83689,0.85190,0.82389,0.83081,427194.7606999998
28.09.2008 16:00:00.000 GMT-0500,0.82710,0.83285,0.76980,0.77331,408040.8107000002
05.10.2008 16:00:00.000 GMT-0500,0.77138,0.77178,0.63291,0.64233,502838.3909999999
12.10.2008 16:00:00.000 GMT-0500,0.67921,0.72380,0.65093,0.68827,430942.2562999999
19.10.2008 16:00:00.000 GMT-0500,0.69129,0.70590,0.60521,0.62146,367290.5705000001
26.10.2008 16:00:00.000 GMT-0500,0.61314,0.68910,0.60055,0.66793,789913.1720999999
02.11.2008 17:00:00.000 GMT-0500,0.66729,0.70130,0.65478,0.67326,952831.7514999999
09.11.2008 17:00:00.000 GMT-0500,0.68540,0.69827,0.63390,0.64777,579733.1558999998
16.11.2008 17:00:00.000 GMT-0500,0.63630,0.65940,0.60735,0.63146,880286.5389999998
23.11.2008 17:00:00.000 GMT-0500,0.63291,0.66135,0.62285,0.65420,772897.3276999998
30.11.2008 17:00:00.000 GMT-0500,0.65291,0.65373,0.62937,0.64600,848981.7919999999
07.12.2008 17:00:00.000 GMT-0500,0.64826,0.67990,0.64549,0.66364,858858.4349999999
14.12.2008 17:00:00.000 GMT-0500,0.66310,0.71365,0.66079,0.67974,674112.4213000002
21.12.2008 17:00:00.000 GMT-0500,0.68314,0.68925,0.67557,0.68259,347696.4940000001
28.12.2008 17:00:00.000 GMT-0500,0.68572,0.71154,0.68303,0.71069,360645.3383999999
04.01.2009 17:00:00.000 GMT-0500,0.71130,0.72680,0.69565,0.70326,271960.44179999985
11.01.2009 17:00:00.000 GMT-0500,0.69893,0.70004,0.65355,0.67246,374164.9102
18.01.2009 17:00:00.000 GMT-0500,0.67622,0.68405,0.64180,0.65326,336616.47000000003
25.01.2009 17:00:00.000 GMT-0500,0.65547,0.67300,0.63439,0.63632,340247.6597
01.02.2009 17:00:00.000 GMT-0500,0.63598,0.68014,0.62475,0.67546,334010.95089999994
08.02.2009 17:00:00.000 GMT-0500,0.67350,0.68490,0.64305,0.65583,384505.24910000013
15.02.2009 17:00:00.000 GMT-0500,0.65124,0.65380,0.63320,0.64485,349044.879
22.02.2009 17:00:00.000 GMT-0500,0.64426,0.65540,0.63398,0.63836,374025.331
01.03.2009 17:00:00.000 GMT-0500,0.63879,0.65260,0.62850,0.64026,385774.64989999996
08.03.2009 16:00:00.000 GMT-0500,0.64040,0.66035,0.63050,0.65769,405762.6010999999
15.03.2009 16:00:00.000 GMT-0500,0.65519,0.69430,0.65235,0.68654,394300.8598
22.03.2009 16:00:00.000 GMT-0500,0.69045,0.70940,0.68656,0.69365,405491.0709000001
29.03.2009 16:00:00.000 GMT-0500,0.69002,0.72285,0.67690,0.71470,424427.3506000002
05.04.2009 16:00:00.000 GMT-0500,0.71562,0.72098,0.70326,0.71901,260846.43490000002
12.04.2009 16:00:00.000 GMT-0500,0.72169,0.73269,0.71369,0.72075,269359.68679999997
19.04.2009 16:00:00.000 GMT-0500,0.71642,0.72382,0.69523,0.72239,349242.81179999985
26.04.2009 16:00:00.000 GMT-0500,0.71666,0.73836,0.69892,0.73006,362900.5708999998
03.05.2009 16:00:00.000 GMT-0500,0.73645,0.77078,0.73126,0.76787,372841.3884000001
10.05.2009 16:00:00.000 GMT-0500,0.76522,0.77036,0.74658,0.74959,451908.9106999999
17.05.2009 16:00:00.000 GMT-0500,0.74603,0.78673,0.74593,0.78386,405714.3522000001
24.05.2009 16:00:00.000 GMT-0500,0.77986,0.80124,0.77026,0.80069,365107.09080000006
31.05.2009 16:00:00.000 GMT-0500,0.80378,0.82632,0.78758,0.79317,383597.43959999987
07.06.2009 16:00:00.000 GMT-0500,0.79740,0.82376,0.78269,0.81326,336261.54060000007
14.06.2009 16:00:00.000 GMT-0500,0.80761,0.81179,0.78494,0.80540,316754.7700000001
21.06.2009 16:00:00.000 GMT-0500,0.80016,0.80870,0.77886,0.80723,409472.0692000001
28.06.2009 16:00:00.000 GMT-0500,0.80654,0.81550,0.78994,0.79747,361316.79559999984
05.07.2009 16:00:00.000 GMT-0500,0.79324,0.80376,0.77226,0.77840,295088.8047999999
12.07.2009 16:00:00.000 GMT-0500,0.77946,0.80716,0.77006,0.80161,297984.5294000001
19.07.2009 16:00:00.000 GMT-0500,0.80611,0.82226,0.80576,0.81671,250253.67559999993
26.07.2009 16:00:00.000 GMT-0500,0.81831,0.83654,0.81251,0.83629,272315.03979999997
02.08.2009 16:00:00.000 GMT-0500,0.83646,0.84701,0.83446,0.83551,282474.17990000016
09.08.2009 16:00:00.000 GMT-0500,0.83894,0.84775,0.81796,0.83012,260205.14799999996
16.08.2009 16:00:00.000 GMT-0500,0.82373,0.83961,0.81556,0.83324,331942.20959999994
23.08.2009 16:00:00.000 GMT-0500,0.84029,0.84703,0.82386,0.84142,265913.9243
30.08.2009 16:00:00.000 GMT-0500,0.84142,0.85351,0.82391,0.85071,278187.6684999999
06.09.2009 16:00:00.000 GMT-0500,0.85204,0.86756,0.85096,0.86281,256567.3286999999
13.09.2009 16:00:00.000 GMT-0500,0.85661,0.87752,0.85436,0.86687,246826.16150000007
20.09.2009 16:00:00.000 GMT-0500,0.86582,0.87891,0.85895,0.86512,271778.4203
27.09.2009 16:00:00.000 GMT-0500,0.86801,0.88585,0.85681,0.86346,301766.67559999984
04.10.2009 16:00:00.000 GMT-0500,0.86531,0.90901,0.86457,0.90350,267476.9895
11.10.2009 16:00:00.000 GMT-0500,0.90383,0.92698,0.89831,0.91685,267531.0386
18.10.2009 16:00:00.000 GMT-0500,0.91479,0.93281,0.91125,0.92196,277391.4789999999
25.10.2009 16:00:00.000 GMT-0500,0.92050,0.92762,0.89425,0.90008,330604.57039999997
01.11.2009 17:00:00.000 GMT-0500,0.89644,0.91976,0.89049,0.91766,360274.6893999998
08.11.2009 17:00:00.000 GMT-0500,0.92259,0.93696,0.91948,0.93416,278208.10980000003
15.11.2009 17:00:00.000 GMT-0500,0.93344,0.94057,0.90599,0.91546,295257.0188000001
22.11.2009 17:00:00.000 GMT-0500,0.91452,0.93216,0.89452,0.90732,276812.5797
29.11.2009 17:00:00.000 GMT-0500,0.91236,0.93216,0.90946,0.91481,297283.0814000001
06.12.2009 17:00:00.000 GMT-0500,0.91294,0.91924,0.90146,0.91181,306478.64009999996
13.12.2009 17:00:00.000 GMT-0500,0.91114,0.91744,0.88089,0.89026,263615.8346
20.12.2009 17:00:00.000 GMT-0500,0.89071,0.89095,0.87336,0.88253,136175.95919999998
27.12.2009 17:00:00.000 GMT-0500,0.88419,0.90100,0.88259,0.89722,178463.17080000002
03.01.2010 17:00:00.000 GMT-0500,0.89823,0.92661,0.89379,0.92371,248453.07029999988
10.01.2010 17:00:00.000 GMT-0500,0.92871,0.93296,0.91701,0.92356,240475.27969999998
17.01.2010 17:00:00.000 GMT-0500,0.92056,0.92789,0.89819,0.90270,255895.7177000001
24.01.2010 17:00:00.000 GMT-0500,0.90311,0.90926,0.88407,0.88414,355784.57389999996
31.01.2010 17:00:00.000 GMT-0500,0.88004,0.89263,0.85776,0.86692,372010.7391999999
07.02.2010 17:00:00.000 GMT-0500,0.86721,0.89204,0.86121,0.88726,369615.48180000007
14.02.2010 17:00:00.000 GMT-0500,0.88825,0.90356,0.88484,0.89831,285918.5907
21.02.2010 17:00:00.000 GMT-0500,0.90031,0.90705,0.88003,0.89606,310188.4008000002
28.02.2010 17:00:00.000 GMT-0500,0.89571,0.90924,0.89347,0.90799,319880.0906000002
07.03.2010 17:00:00.000 GMT-0500,0.90809,0.91938,0.90548,0.91546,267113.3517
14.03.2010 16:00:00.000 GMT-0500,0.91732,0.92516,0.90946,0.91631,256813.15219999998
21.03.2010 16:00:00.000 GMT-0500,0.91507,0.91977,0.90007,0.90371,293115.6409
28.03.2010 16:00:00.000 GMT-0500,0.90433,0.92163,0.90326,0.91890,222638.7583
04.04.2010 16:00:00.000 GMT-0500,0.91897,0.93421,0.91647,0.93347,226504.7507
11.04.2010 16:00:00.000 GMT-0500,0.93603,0.93821,0.92229,0.92512,259911.02990000002
18.04.2010 16:00:00.000 GMT-0500,0.92067,0.93381,0.91570,0.92676,287977.3697
25.04.2010 16:00:00.000 GMT-0500,0.92553,0.93239,0.91351,0.92394,349094.71159999986
02.05.2010 16:00:00.000 GMT-0500,0.92275,0.92746,0.87058,0.88616,533654.6494999999
09.05.2010 16:00:00.000 GMT-0500,0.89905,0.90779,0.88496,0.88561,502005.2496999999
16.05.2010 16:00:00.000 GMT-0500,0.88492,0.88614,0.80708,0.83146,707770.7229
23.05.2010 16:00:00.000 GMT-0500,0.83109,0.85511,0.80653,0.84608,578075.5013000001
30.05.2010 16:00:00.000 GMT-0500,0.84567,0.85226,0.82126,0.82210,464644.37459999986
06.06.2010 16:00:00.000 GMT-0500,0.82237,0.85087,0.80816,0.85016,522262.82370000007
13.06.2010 16:00:00.000 GMT-0500,0.85173,0.87127,0.85052,0.87022,436948.28680000006
20.06.2010 16:00:00.000 GMT-0500,0.88058,0.88588,0.85951,0.86721,448062.6785000003
27.06.2010 16:00:00.000 GMT-0500,0.87422,0.87768,0.83154,0.84248,455514.06469999993
04.07.2010 16:00:00.000 GMT-0500,0.84128,0.87907,0.83165,0.87771,341224.7085
11.07.2010 16:00:00.000 GMT-0500,0.87719,0.88707,0.86811,0.87008,419200.54219999985
18.07.2010 16:00:00.000 GMT-0500,0.86639,0.89714,0.86325,0.89658,456667.7786000002
25.07.2010 16:00:00.000 GMT-0500,0.89583,0.90689,0.89047,0.90442,496980.92179999995
01.08.2010 16:00:00.000 GMT-0500,0.90619,0.92218,0.90448,0.91884,375462.6979999999
08.08.2010 16:00:00.000 GMT-0500,0.91851,0.92054,0.89138,0.89222,420517.3126
15.08.2010 16:00:00.000 GMT-0500,0.89302,0.90792,0.88406,0.89215,410421.78
22.08.2010 16:00:00.000 GMT-0500,0.88685,0.89987,0.87708,0.89888,410893.45339999994
29.08.2010 16:00:00.000 GMT-0500,0.90123,0.91755,0.88602,0.91662,361950.9901999998
05.09.2010 16:00:00.000 GMT-0500,0.91554,0.92769,0.90918,0.92665,329493.71390000003
12.09.2010 16:00:00.000 GMT-0500,0.92910,0.94681,0.92869,0.93598,358039.09359999996
19.09.2010 16:00:00.000 GMT-0500,0.93837,0.96147,0.93612,0.95956,377332.3687000001
26.09.2010 16:00:00.000 GMT-0500,0.96052,0.97497,0.95587,0.97280,427879.3923999999
03.10.2010 16:00:00.000 GMT-0500,0.97269,0.99173,0.95412,0.98580,577152.3607
10.10.2010 16:00:00.000 GMT-0500,0.99007,1.00030,0.97664,0.98916,587052.8006000002
17.10.2010 16:00:00.000 GMT-0500,0.98980,0.99590,0.96615,0.98127,689969.2723999998
24.10.2010 16:00:00.000 GMT-0500,0.98489,0.99737,0.96512,0.97990,611827.2607
31.10.2010 16:00:00.000 GMT-0500,0.98524,1.01778,0.98434,1.01585,505143.4997
07.11.2010 17:00:00.000 GMT-0500,1.01523,1.01728,0.98271,0.98449,500018.99919999996
14.11.2010 17:00:00.000 GMT-0500,0.98869,0.99189,0.97239,0.98639,269380.6820000001
21.11.2010 17:00:00.000 GMT-0500,0.98734,0.99534,0.96126,0.96435,256825.1715
28.11.2010 17:00:00.000 GMT-0500,0.96783,0.99359,0.95379,0.99267,627692.2915
05.12.2010 17:00:00.000 GMT-0500,0.98953,0.99646,0.97519,0.98513,536837.1647999998
12.12.2010 17:00:00.000 GMT-0500,0.98342,1.00248,0.98309,0.98797,533219.2058999998
19.12.2010 17:00:00.000 GMT-0500,0.98855,1.00630,0.98616,1.00420,386104.29019999993
26.12.2010 17:00:00.000 GMT-0500,1.00006,1.02520,0.99872,1.02259,344109.84379999986
02.01.2011 17:00:00.000 GMT-0500,1.01990,1.02228,0.99074,0.99558,511134.98520000005
09.01.2011 17:00:00.000 GMT-0500,0.99230,1.00184,0.98034,0.98844,549144.5027000001
16.01.2011 17:00:00.000 GMT-0500,0.99056,1.00764,0.98317,0.98962,584265.9177
23.01.2011 17:00:00.000 GMT-0500,0.98790,1.00213,0.98633,0.99381,585828.9499000001
30.01.2011 17:00:00.000 GMT-0500,0.98860,1.01987,0.98657,1.01301,768477.5591999998
06.02.2011 17:00:00.000 GMT-0500,1.01307,1.01886,0.99603,0.99807,687507.4659000002
13.02.2011 17:00:00.000 GMT-0500,0.99806,1.01570,0.99433,1.01371,684927.8085999996
20.02.2011 17:00:00.000 GMT-0500,1.01345,1.01764,0.99662,1.01471,774135.9422999994
27.02.2011 17:00:00.000 GMT-0500,1.01472,1.02013,1.00763,1.01351,803064.0715000001
06.03.2011 17:00:00.000 GMT-0500,1.01451,1.01839,0.99682,1.01369,737023.3792999998
13.03.2011 16:00:00.000 GMT-0500,1.01431,1.01475,0.97053,0.99575,1099125.0116999994
20.03.2011 16:00:00.000 GMT-0500,0.99565,1.02934,0.99379,1.02562,776826.6706999998
27.03.2011 16:00:00.000 GMT-0500,1.02345,1.03948,1.02043,1.03809,667577.5008999996
03.04.2011 16:00:00.000 GMT-0500,1.03970,1.05805,1.02879,1.05688,646866.9895999996
10.04.2011 16:00:00.000 GMT-0500,1.05617,1.05795,1.03893,1.05641,716401.6829
17.04.2011 16:00:00.000 GMT-0500,1.05611,1.07739,1.04431,1.07336,620139.1255
24.04.2011 16:00:00.000 GMT-0500,1.07370,1.09770,1.06766,1.09695,669338.8261
01.05.2011 16:00:00.000 GMT-0500,1.09603,1.10103,1.05368,1.06999,926946.6525000001
08.05.2011 16:00:00.000 GMT-0500,1.07138,1.08881,1.05199,1.05712,951287.4841999998
15.05.2011 16:00:00.000 GMT-0500,1.05766,1.07100,1.05059,1.06571,834487.4180000002
22.05.2011 16:00:00.000 GMT-0500,1.06381,1.07160,1.04409,1.07095,831236.7338000003
29.05.2011 16:00:00.000 GMT-0500,1.07232,1.07729,1.05872,1.07133,695264.4709000001
05.06.2011 16:00:00.000 GMT-0500,1.07066,1.07671,1.05253,1.05350,706182.7905
12.06.2011 16:00:00.000 GMT-0500,1.05294,1.07147,1.04774,1.06178,752197.9610000002
19.06.2011 16:00:00.000 GMT-0500,1.05994,1.06497,1.04547,1.04877,781165.6128000001
26.06.2011 16:00:00.000 GMT-0500,1.04793,1.07893,1.03900,1.07669,828192.2773999998
03.07.2011 16:00:00.000 GMT-0500,1.07784,1.07874,1.06548,1.07498,683501.7828000002
10.07.2011 16:00:00.000 GMT-0500,1.07086,1.07855,1.05254,1.06472,863583.7490999997
17.07.2011 16:00:00.000 GMT-0500,1.06236,1.08741,1.05607,1.08483,695700.5304000002
24.07.2011 16:00:00.000 GMT-0500,1.08294,1.10797,1.07951,1.09958,686721.3094000001
31.07.2011 16:00:00.000 GMT-0500,1.10248,1.10648,1.03747,1.04395,966099.0717999999
07.08.2011 16:00:00.000 GMT-0500,1.04235,1.04449,0.99276,1.03489,1229061.3945999998
14.08.2011 16:00:00.000 GMT-0500,1.03642,1.06009,1.03149,1.03995,792121.3111999999
21.08.2011 16:00:00.000 GMT-0500,1.03800,1.05921,1.03621,1.05746,725530.3183999996
28.08.2011 16:00:00.000 GMT-0500,1.05847,1.07642,1.05609,1.06475,619059.1941999999
04.09.2011 16:00:00.000 GMT-0500,1.06052,1.06608,1.04211,1.04674,750797.2725000001
11.09.2011 16:00:00.000 GMT-0500,1.04287,1.04400,1.01774,1.03591,933061.4482000002
18.09.2011 16:00:00.000 GMT-0500,1.02987,1.03143,0.96720,0.97836,1031970.5720999998
25.09.2011 16:00:00.000 GMT-0500,0.98068,0.99850,0.96216,0.96596,1102985.1152999995
02.10.2011 16:00:00.000 GMT-0500,0.96556,0.98789,0.93910,0.97674,1130008.7985
09.10.2011 16:00:00.000 GMT-0500,0.97507,1.03448,0.97497,1.03374,969043.2734
16.10.2011 16:00:00.000 GMT-0500,1.03242,1.03768,1.01176,1.03724,1115057.9472999999
23.10.2011 16:00:00.000 GMT-0500,1.03337,1.07521,1.03149,1.06985,1068738.2937
30.10.2011 16:00:00.000 GMT-0500,1.06985,1.07144,1.02026,1.04065,1177546.4123
06.11.2011 17:00:00.000 GMT-0500,1.04061,1.04257,1.00535,1.03407,1082684.2832999995
13.11.2011 17:00:00.000 GMT-0500,1.03422,1.03432,0.99642,0.99931,1110517.9071000004
20.11.2011 17:00:00.000 GMT-0500,0.99956,1.00124,0.96632,0.98162,1049201.7223999999
27.11.2011 17:00:00.000 GMT-0500,0.98203,1.03144,0.97893,1.02135,1047633.9380000001
04.12.2011 17:00:00.000 GMT-0500,1.02533,1.03778,1.00479,1.02169,1026340.7699999996
11.12.2011 17:00:00.000 GMT-0500,1.02065,1.02133,0.98611,0.99795,1101181.8025000002
18.12.2011 17:00:00.000 GMT-0500,0.99869,1.02187,0.98826,1.01456,994892.8789000002
25.12.2011 17:00:00.000 GMT-0500,1.01453,1.02651,1.00438,1.02081,565638.2672
01.01.2012 17:00:00.000 GMT-0500,1.02205,1.03860,1.02020,1.02278,805616.8478999998
08.01.2012 17:00:00.000 GMT-0500,1.01999,1.03774,1.01448,1.03211,972069.9845999999
15.01.2012 17:00:00.000 GMT-0500,1.02868,1.04882,1.02537,1.04836,945550.5754999995
22.01.2012 17:00:00.000 GMT-0500,1.04778,1.06874,1.04281,1.06557,976109.3739
29.01.2012 17:00:00.000 GMT-0500,1.06369,1.07934,1.05260,1.07679,1127740.4581000004
05.02.2012 17:00:00.000 GMT-0500,1.07527,1.08440,1.06398,1.06721,1035025.1309999998
12.02.2012 17:00:00.000 GMT-0500,1.06856,1.07991,1.06289,1.07023,1046305.4746999996
19.02.2012 17:00:00.000 GMT-0500,1.07700,1.08154,1.05974,1.06938,879574.7994
26.02.2012 17:00:00.000 GMT-0500,1.07042,1.08550,1.06499,1.07310,920924.0283
04.03.2012 17:00:00.000 GMT-0500,1.07396,1.07431,1.05089,1.05747,894946.4256000001
11.03.2012 16:00:00.000 GMT-0500,1.05568,1.05973,1.04228,1.05882,836170.0133000005
18.03.2012 16:00:00.000 GMT-0500,1.05903,1.06367,1.03361,1.04642,871755.9449
25.03.2012 16:00:00.000 GMT-0500,1.04621,1.05575,1.03043,1.03419,888129.3088000002
01.04.2012 16:00:00.000 GMT-0500,1.04480,1.04561,1.02433,1.03034,778365.4058000002
08.04.2012 16:00:00.000 GMT-0500,1.02956,1.04516,1.02257,1.03710,799368.3132999999
15.04.2012 16:00:00.000 GMT-0500,1.03707,1.04181,1.03043,1.03761,870559.1001000002
22.04.2012 16:00:00.000 GMT-0500,1.03679,1.04736,1.02467,1.04696,811365.0124999996
29.04.2012 16:00:00.000 GMT-0500,1.04561,1.04688,1.01699,1.01716,693367.6096000001
06.05.2012 16:00:00.000 GMT-0500,1.01522,1.02194,1.00175,1.00177,944391.3941999996
13.05.2012 16:00:00.000 GMT-0500,1.00101,1.00344,0.97947,0.98429,1046139.0678999999
20.05.2012 16:00:00.000 GMT-0500,0.98343,0.99342,0.96896,0.97562,1062016.8375999997
27.05.2012 16:00:00.000 GMT-0500,0.98130,0.98972,0.95974,0.96942,1076044.3285000003
03.06.2012 16:00:00.000 GMT-0500,0.96976,1.00021,0.96272,0.99123,1122294.8458000002
10.06.2012 16:00:00.000 GMT-0500,0.99845,1.00891,0.98497,1.00775,1037594.6945999997
17.06.2012 16:00:00.000 GMT-0500,1.01138,1.02235,1.00078,1.00631,1075171.3708999995
24.06.2012 16:00:00.000 GMT-0500,1.00432,1.02571,0.99684,1.02351,1082024.8394999998
01.07.2012 16:00:00.000 GMT-0500,1.02613,1.03286,1.01796,1.02070,903585.6553000007
08.07.2012 16:00:00.000 GMT-0500,1.01959,1.02806,1.01001,1.02264,936986.3936000002
15.07.2012 16:00:00.000 GMT-0500,1.02473,1.04437,1.02021,1.03762,921754.1033000001
22.07.2012 16:00:00.000 GMT-0500,1.03558,1.04861,1.01819,1.04802,1188854.3804000008
29.07.2012 16:00:00.000 GMT-0500,1.04699,1.05776,1.04354,1.05664,1022267.2761000001
05.08.2012 16:00:00.000 GMT-0500,1.05691,1.06126,1.04970,1.05737,769321.9743
12.08.2012 16:00:00.000 GMT-0500,1.05523,1.05732,1.04100,1.04147,641478.1045000004
19.08.2012 16:00:00.000 GMT-0500,1.04312,1.05447,1.03751,1.04016,690927.6423000002
26.08.2012 16:00:00.000 GMT-0500,1.04223,1.04249,1.02763,1.03204,580705.5002999998
02.09.2012 16:00:00.000 GMT-0500,1.02853,1.04000,1.01664,1.03847,669289.0304000002
09.09.2012 16:00:00.000 GMT-0500,1.03672,1.06242,1.03225,1.05469,697421.8678999997
16.09.2012 16:00:00.000 GMT-0500,1.05524,1.05564,1.03671,1.04537,632990.5912
23.09.2012 16:00:00.000 GMT-0500,1.04439,1.04737,1.03281,1.03778,625504.0856999997
30.09.2012 16:00:00.000 GMT-0500,1.03634,1.04025,1.01520,1.01812,665631.4143999999
07.10.2012 16:00:00.000 GMT-0500,1.01550,1.02933,1.01494,1.02308,649853.5144000001
14.10.2012 16:00:00.000 GMT-0500,1.02542,1.04109,1.02016,1.03296,583738.4178999999
21.10.2012 16:00:00.000 GMT-0500,1.03143,1.03965,1.02358,1.03720,542124.6976999999
28.10.2012 16:00:00.000 GMT-0500,1.03599,1.04185,1.03249,1.03358,408877.98679999996
04.11.2012 17:00:00.000 GMT-0500,1.03387,1.04799,1.03336,1.03866,526975.3955999999
11.11.2012 17:00:00.000 GMT-0500,1.03983,1.04581,1.02871,1.03383,451106.8631999999
18.11.2012 17:00:00.000 GMT-0500,1.03512,1.04701,1.03377,1.04585,363235.5664999999
25.11.2012 17:00:00.000 GMT-0500,1.04585,1.04893,1.04018,1.04255,391272.9893999999
02.12.2012 17:00:00.000 GMT-0500,1.04253,1.05151,1.03928,1.04842,401821.69040000014
09.12.2012 17:00:00.000 GMT-0500,1.04873,1.05847,1.04610,1.05651,335453.3871
16.12.2012 17:00:00.000 GMT-0500,1.05500,1.05628,1.03940,1.04010,354985.8707999999
23.12.2012 17:00:00.000 GMT-0500,1.03969,1.04156,1.03443,1.03717,259996.78809999995
30.12.2012 17:00:00.000 GMT-0500,1.03648,1.05270,1.03641,1.04755,336602.65609999996
06.01.2013 17:00:00.000 GMT-0500,1.04768,1.05982,1.04670,1.05351,405476.2218000002
13.01.2013 17:00:00.000 GMT-0500,1.05491,1.05795,1.04852,1.05054,440712.76950000005
20.01.2013 17:00:00.000 GMT-0500,1.05056,1.05780,1.04027,1.04229,427932.82869999995
27.01.2013 17:00:00.000 GMT-0500,1.04148,1.04754,1.03606,1.04050,446100.7580000001
03.02.2013 17:00:00.000 GMT-0500,1.04244,1.04570,1.02550,1.03169,461544.0101
10.02.2013 17:00:00.000 GMT-0500,1.03116,1.03743,1.02266,1.03035,411872.96070000005
17.02.2013 17:00:00.000 GMT-0500,1.02891,1.03672,1.02208,1.03196,431500.4202
24.02.2013 17:00:00.000 GMT-0500,1.03023,1.03278,1.01825,1.02028,675585.3791999996
03.03.2013 17:00:00.000 GMT-0500,1.02006,1.03004,1.01147,1.02307,526033.8006
10.03.2013 16:00:00.000 GMT-0500,1.02039,1.04131,1.02034,1.04064,538750.8405999998
17.03.2013 16:00:00.000 GMT-0500,1.03515,1.04586,1.03429,1.04434,530680.8180999998
24.03.2013 16:00:00.000 GMT-0500,1.04400,1.04964,1.03963,1.04152,453007.0189
31.03.2013 16:00:00.000 GMT-0500,1.04183,1.04968,1.03552,1.03824,474603.89110000007
07.04.2013 16:00:00.000 GMT-0500,1.03665,1.05815,1.03479,1.05016,554473.4499
14.04.2013 16:00:00.000 GMT-0500,1.04992,1.05233,1.02687,1.02751,857406.4504
21.04.2013 16:00:00.000 GMT-0500,1.02770,1.03384,1.02208,1.02751,710208.4343999999
28.04.2013 16:00:00.000 GMT-0500,1.02808,1.03816,1.02218,1.03115,529358.6008000001
05.05.2013 16:00:00.000 GMT-0500,1.03026,1.03096,0.99608,1.00205,614760.1303000001
12.05.2013 16:00:00.000 GMT-0500,1.00007,1.00131,0.97107,0.97257,775083.1793999999
19.05.2013 16:00:00.000 GMT-0500,0.97548,0.98418,0.95932,0.96443,839560.0494
26.05.2013 16:00:00.000 GMT-0500,0.96400,0.96966,0.95277,0.95716,813013.8094000003
02.06.2013 16:00:00.000 GMT-0500,0.96126,0.97915,0.94275,0.94935,958110.8686000005
09.06.2013 16:00:00.000 GMT-0500,0.94010,0.96649,0.93255,0.95728,954076.4408000004
16.06.2013 16:00:00.000 GMT-0500,0.95612,0.96408,0.91628,0.92129,851990.5498999998
23.06.2013 16:00:00.000 GMT-0500,0.92067,0.93438,0.91126,0.91348,874405.9965
30.06.2013 16:00:00.000 GMT-0500,0.91121,0.92525,0.90355,0.90597,792566.0796000003
07.07.2013 16:00:00.000 GMT-0500,0.90497,0.93051,0.89982,0.90486,798303.5587999998
14.07.2013 16:00:00.000 GMT-0500,0.90701,0.92917,0.90353,0.91692,759275.2378000004
21.07.2013 16:00:00.000 GMT-0500,0.91754,0.93175,0.91282,0.92631,764183.5804999999
28.07.2013 16:00:00.000 GMT-0500,0.92505,0.92866,0.88700,0.89006,737608.0294999998
04.08.2013 16:00:00.000 GMT-0500,0.89154,0.92141,0.88476,0.91953,659666.0297999999
11.08.2013 16:00:00.000 GMT-0500,0.91872,0.92207,0.90580,0.91835,677313.3998000001
18.08.2013 16:00:00.000 GMT-0500,0.91854,0.92328,0.89318,0.90276,725245.6017999998
25.08.2013 16:00:00.000 GMT-0500,0.90352,0.90697,0.88920,0.89057,621238.0871000001
01.09.2013 16:00:00.000 GMT-0500,0.89429,0.92164,0.89230,0.91801,586538.4275
08.09.2013 16:00:00.000 GMT-0500,0.92030,0.93538,0.91669,0.92413,534507.5200999998
15.09.2013 16:00:00.000 GMT-0500,0.93284,0.95281,0.92847,0.93910,546150.6222999998
22.09.2013 16:00:00.000 GMT-0500,0.93652,0.94569,0.92974,0.93135,447583.94039999996
29.09.2013 16:00:00.000 GMT-0500,0.93082,0.94584,0.92804,0.94344,516743.78929999995
06.10.2013 16:00:00.000 GMT-0500,0.94352,0.94843,0.93879,0.94640,468868.5201000002
13.10.2013 16:00:00.000 GMT-0500,0.94248,0.96770,0.94247,0.96747,491452.2092999998
20.10.2013 16:00:00.000 GMT-0500,0.96709,0.97568,0.95717,0.95812,474439.64890000003
27.10.2013 16:00:00.000 GMT-0500,0.95832,0.96222,0.94213,0.94371,524625.0009
03.11.2013 17:00:00.000 GMT-0500,0.94578,0.95427,0.93524,0.93847,508309.9113999999
10.11.2013 17:00:00.000 GMT-0500,0.93852,0.93899,0.92700,0.93652,532111.6510000001
17.11.2013 17:00:00.000 GMT-0500,0.93758,0.94470,0.91432,0.91722,610532.3006999999
24.11.2013 17:00:00.000 GMT-0500,0.91628,0.92038,0.90550,0.91051,545093.7811
01.12.2013 17:00:00.000 GMT-0500,0.91267,0.91679,0.89893,0.90987,611917.7186999999
08.12.2013 17:00:00.000 GMT-0500,0.91221,0.91669,0.89090,0.89627,512108.24829999986
15.12.2013 17:00:00.000 GMT-0500,0.89596,0.89696,0.88203,0.89175,455600.60030000017
22.12.2013 17:00:00.000 GMT-0500,0.89213,0.89580,0.88616,0.88670,263905.63019999996
29.12.2013 17:00:00.000 GMT-0500,0.88618,0.90044,0.88331,0.89431,380109.17029999994
05.01.2014 17:00:00.000 GMT-0500,0.89576,0.90046,0.88645,0.89939,461416.42919999984
12.01.2014 17:00:00.000 GMT-0500,0.89975,0.90857,0.87632,0.87776,445723.6889000001
19.01.2014 17:00:00.000 GMT-0500,0.87718,0.88877,0.86600,0.86795,424361.4594999998
26.01.2014 17:00:00.000 GMT-0500,0.86921,0.88254,0.86775,0.87547,462350.44830000005
02.02.2014 17:00:00.000 GMT-0500,0.87663,0.89980,0.87302,0.89537,478790.14129999996
09.02.2014 17:00:00.000 GMT-0500,0.89556,0.90671,0.89066,0.90322,388366.33879999997
16.02.2014 17:00:00.000 GMT-0500,0.90618,0.90803,0.89366,0.89738,384852.6897
23.02.2014 17:00:00.000 GMT-0500,0.89798,0.90488,0.89037,0.89261,384007.4405000001
02.03.2014 17:00:00.000 GMT-0500,0.88943,0.91330,0.88903,0.90663,371300.6198000002
09.03.2014 16:00:00.000 GMT-0500,0.90369,0.91033,0.89242,0.90279,397729.90979999996
16.03.2014 16:00:00.000 GMT-0500,0.90024,0.91381,0.89950,0.90800,362019.80970000004
23.03.2014 16:00:00.000 GMT-0500,0.91010,0.92951,0.90481,0.92463,358781.2984000001
30.03.2014 16:00:00.000 GMT-0500,0.92368,0.93075,0.92057,0.92887,321828.9292
06.04.2014 16:00:00.000 GMT-0500,0.92834,0.94611,0.92537,0.93912,421411.749
13.04.2014 16:00:00.000 GMT-0500,0.93871,0.94249,0.93210,0.93254,346328.20999999996
20.04.2014 16:00:00.000 GMT-0500,0.93311,0.93781,0.92522,0.92740,342667.5607000002
27.04.2014 16:00:00.000 GMT-0500,0.92727,0.93166,0.92017,0.92747,398286.4180999999
04.05.2014 16:00:00.000 GMT-0500,0.92856,0.93941,0.92523,0.93619,394312.0492
11.05.2014 16:00:00.000 GMT-0500,0.93603,0.94088,0.93268,0.93593,354287.6899999999
18.05.2014 16:00:00.000 GMT-0500,0.93724,0.93732,0.92088,0.92296,372384.0889000003
25.05.2014 16:00:00.000 GMT-0500,0.92342,0.93290,0.92110,0.93066,329788.10899999994
01.06.2014 16:00:00.000 GMT-0500,0.93089,0.93583,0.92285,0.93311,413063.53119999997
08.06.2014 16:00:00.000 GMT-0500,0.93352,0.94373,0.93342,0.93997,386730.7704
15.06.2014 16:00:00.000 GMT-0500,0.93944,0.94313,0.93217,0.93834,365313.30079999985
22.06.2014 16:00:00.000 GMT-0500,0.93747,0.94449,0.93542,0.94220,304025.84979999985
29.06.2014 16:00:00.000 GMT-0500,0.94203,0.95045,0.93287,0.93626,355222.7487
06.07.2014 16:00:00.000 GMT-0500,0.93620,0.94560,0.93413,0.93883,344421.4299
13.07.2014 16:00:00.000 GMT-0500,0.93778,0.94103,0.93292,0.93891,350168.1502999999
20.07.2014 16:00:00.000 GMT-0500,0.93916,0.94716,0.93607,0.93938,307500.54140000005
27.07.2014 16:00:00.000 GMT-0500,0.93947,0.94160,0.92752,0.93110,398804.99039999984
03.08.2014 16:00:00.000 GMT-0500,0.93084,0.93736,0.92390,0.92750,384326.5902000002
10.08.2014 16:00:00.000 GMT-0500,0.92739,0.93341,0.92473,0.93180,305301.2307999999
17.08.2014 16:00:00.000 GMT-0500,0.93135,0.93446,0.92375,0.93143,345474.15920000005
24.08.2014 16:00:00.000 GMT-0500,0.93086,0.93739,0.92716,0.93330,430275.048
31.08.2014 16:00:00.000 GMT-0500,0.93233,0.94013,0.92627,0.93774,430535.12859999994
07.09.2014 16:00:00.000 GMT-0500,0.93618,0.93741,0.90302,0.90357,570426.8905000002
14.09.2014 16:00:00.000 GMT-0500,0.90095,0.91122,0.89207,0.89230,449484.1289
21.09.2014 16:00:00.000 GMT-0500,0.89305,0.89495,0.87478,0.87651,357171.2891000002
28.09.2014 16:00:00.000 GMT-0500,0.87508,0.88263,0.86425,0.86709,427110.7116000002
05.10.2014 16:00:00.000 GMT-0500,0.86740,0.88982,0.86525,0.86836,467195.57090000005
12.10.2014 16:00:00.000 GMT-0500,0.86915,0.88599,0.86516,0.87432,518824.96820000006
19.10.2014 16:00:00.000 GMT-0500,0.87574,0.88323,0.87185,0.87858,360171.8795999999
26.10.2014 16:00:00.000 GMT-0500,0.88002,0.89110,0.87554,0.87931,380163.26870000013
02.11.2014 17:00:00.000 GMT-0500,0.87536,0.87619,0.85405,0.86313,508655.81910000014
09.11.2014 17:00:00.000 GMT-0500,0.86451,0.87732,0.85905,0.87449,447888.99929999997
16.11.2014 17:00:00.000 GMT-0500,0.87763,0.87959,0.85664,0.86667,443932.1196
23.11.2014 17:00:00.000 GMT-0500,0.86770,0.87003,0.84797,0.85018,375127.16
30.11.2014 17:00:00.000 GMT-0500,0.84672,0.85420,0.83123,0.83123,598706.6678999999
07.12.2014 17:00:00.000 GMT-0500,0.83043,0.83751,0.82141,0.82396,713289.0394
14.12.2014 17:00:00.000 GMT-0500,0.82447,0.82738,0.81064,0.81398,651049.3091
21.12.2014 17:00:00.000 GMT-0500,0.81426,0.81726,0.80877,0.81175,258446.18939999997
28.12.2014 17:00:00.000 GMT-0500,0.81208,0.82152,0.80770,0.80883,274561.12939999986
04.01.2015 17:00:00.000 GMT-0500,0.80699,0.82081,0.80322,0.82013,538467.5311999999
11.01.2015 17:00:00.000 GMT-0500,0.82106,0.82946,0.80678,0.82211,631308.9905999997
18.01.2015 17:00:00.000 GMT-0500,0.82196,0.82434,0.78807,0.79052,587819.0593000003
25.01.2015 17:00:00.000 GMT-0500,0.78802,0.80244,0.77196,0.77652,608746.5381
01.02.2015 17:00:00.000 GMT-0500,0.77551,0.78749,0.76258,0.77948,589008.2105
08.02.2015 17:00:00.000 GMT-0500,0.77610,0.78414,0.76436,0.77716,506071.8716000002
15.02.2015 17:00:00.000 GMT-0500,0.77726,0.78484,0.77416,0.78379,500522.3390000001
22.02.2015 17:00:00.000 GMT-0500,0.78470,0.79126,0.77392,0.78078,498679.8999
01.03.2015 17:00:00.000 GMT-0500,0.78059,0.78602,0.77060,0.77130,454864.1973
08.03.2015 16:00:00.000 GMT-0500,0.77050,0.77397,0.75601,0.76350,622110.3170000002
15.03.2015 16:00:00.000 GMT-0500,0.76196,0.78462,0.75907,0.77690,620433.7116
22.03.2015 16:00:00.000 GMT-0500,0.77800,0.79376,0.77446,0.77503,721614.2198999999
29.03.2015 16:00:00.000 GMT-0500,0.77332,0.77469,0.75325,0.76277,600271.2308999997
05.04.2015 16:00:00.000 GMT-0500,0.76386,0.77380,0.75767,0.76714,551899.3483999998
12.04.2015 16:00:00.000 GMT-0500,0.76670,0.78422,0.75525,0.77790,657063.9006
19.04.2015 16:00:00.000 GMT-0500,0.78248,0.78404,0.76825,0.78221,660967.5673000002
26.04.2015 16:00:00.000 GMT-0500,0.78195,0.80752,0.77913,0.78471,699823.4382000001
03.05.2015 16:00:00.000 GMT-0500,0.78319,0.80301,0.77845,0.79307,654443.3114999996
10.05.2015 16:00:00.000 GMT-0500,0.79274,0.81628,0.78759,0.80323,665509.9518999998
17.05.2015 16:00:00.000 GMT-0500,0.80357,0.80519,0.78102,0.78286,528647.3304000001
24.05.2015 16:00:00.000 GMT-0500,0.78218,0.78394,0.76173,0.76408,483728.40150000027
31.05.2015 16:00:00.000 GMT-0500,0.76355,0.78189,0.75978,0.76158,603977.9823999997
07.06.2015 16:00:00.000 GMT-0500,0.76197,0.77926,0.76026,0.77245,561589.2643999999
14.06.2015 16:00:00.000 GMT-0500,0.77499,0.78486,0.76439,0.77712,468960.7782
21.06.2015 16:00:00.000 GMT-0500,0.77648,0.77961,0.76301,0.76557,435292.2482999999
28.06.2015 16:00:00.000 GMT-0500,0.76232,0.77384,0.75059,0.75105,517290.4916999999
05.07.2015 16:00:00.000 GMT-0500,0.74778,0.75323,0.73719,0.74398,514042.21840000007
12.07.2015 16:00:00.000 GMT-0500,0.74124,0.74886,0.73493,0.73706,527048.7615000001
19.07.2015 16:00:00.000 GMT-0500,0.73772,0.74491,0.72596,0.72800,547255.9803
26.07.2015 16:00:00.000 GMT-0500,0.72691,0.73657,0.72343,0.72989,547933.9806
02.08.2015 16:00:00.000 GMT-0500,0.73174,0.74278,0.72596,0.74171,547827.1111
09.08.2015 16:00:00.000 GMT-0500,0.74108,0.74390,0.72154,0.73724,538721.3386000003
16.08.2015 16:00:00.000 GMT-0500,0.73726,0.73887,0.72844,0.73103,469954.71000000025
23.08.2015 16:00:00.000 GMT-0500,0.72949,0.73111,0.70430,0.71679,609303.7999000003
30.08.2015 16:00:00.000 GMT-0500,0.71507,0.71624,0.69070,0.69071,499311.0204999999
06.09.2015 16:00:00.000 GMT-0500,0.69249,0.70991,0.69104,0.70894,489071.1120999999
13.09.2015 16:00:00.000 GMT-0500,0.70804,0.72796,0.70629,0.71893,441826.9371
20.09.2015 16:00:00.000 GMT-0500,0.71811,0.71967,0.69381,0.70216,397753.45050000015
27.09.2015 16:00:00.000 GMT-0500,0.70264,0.70845,0.69365,0.70437,421562.81819999986
04.10.2015 16:00:00.000 GMT-0500,0.70544,0.73438,0.70422,0.73328,453742.8992
11.10.2015 16:00:00.000 GMT-0500,0.73157,0.73817,0.71981,0.72662,508762.4102000001
18.10.2015 16:00:00.000 GMT-0500,0.72551,0.73069,0.71829,0.72172,430377.63849999994
25.10.2015 16:00:00.000 GMT-0500,0.72156,0.72692,0.70671,0.71354,467160.4616999999
01.11.2015 17:00:00.000 GMT-0500,0.71146,0.72237,0.70224,0.70396,468235.54
08.11.2015 17:00:00.000 GMT-0500,0.70253,0.71587,0.70155,0.71262,483938.87860000005
15.11.2015 17:00:00.000 GMT-0500,0.71184,0.72500,0.70682,0.72358,491540.26930000004
22.11.2015 17:00:00.000 GMT-0500,0.72304,0.72828,0.71588,0.71914,463448.71119999996
29.11.2015 17:00:00.000 GMT-0500,0.71922,0.73850,0.71700,0.73359,618244.7172000002
06.12.2015 17:00:00.000 GMT-0500,0.73395,0.73418,0.71719,0.71846,590439.0693000001
13.12.2015 17:00:00.000 GMT-0500,0.72023,0.72827,0.70967,0.71700,630331.1514999999
20.12.2015 17:00:00.000 GMT-0500,0.71701,0.72869,0.71549,0.72774,330904.3399
27.12.2015 17:00:00.000 GMT-0500,0.72789,0.73270,0.72445,0.72864,310052.9191999999
03.01.2016 17:00:00.000 GMT-0500,0.72836,0.73000,0.69494,0.69512,678438.9924000005
10.01.2016 17:00:00.000 GMT-0500,0.69697,0.70483,0.68267,0.68579,748273.9098
17.01.2016 17:00:00.000 GMT-0500,0.68352,0.70456,0.68277,0.69997,734057.1007000001
24.01.2016 17:00:00.000 GMT-0500,0.70035,0.71406,0.69185,0.70828,719432.3117000001
31.01.2016 17:00:00.000 GMT-0500,0.70806,0.72424,0.70025,0.70624,644468.5929000003
07.02.2016 17:00:00.000 GMT-0500,0.70681,0.71528,0.69732,0.71046,730933.9371999998
14.02.2016 17:00:00.000 GMT-0500,0.71029,0.71861,0.70687,0.71454,582914.8999999998
21.02.2016 17:00:00.000 GMT-0500,0.71549,0.72589,0.71178,0.71234,607948.2106999996
28.02.2016 17:00:00.000 GMT-0500,0.71181,0.74427,0.71084,0.74371,697675.8007000001
06.03.2016 17:00:00.000 GMT-0500,0.74006,0.75832,0.73925,0.75644,684163.6704
13.03.2016 16:00:00.000 GMT-0500,0.75427,0.76797,0.74142,0.75990,690064.7338999999
20.03.2016 16:00:00.000 GMT-0500,0.75921,0.76484,0.74768,0.75017,514368.68889999983
27.03.2016 16:00:00.000 GMT-0500,0.75109,0.77221,0.74926,0.76755,572954.3369999997
03.04.2016 16:00:00.000 GMT-0500,0.76692,0.76775,0.74914,0.75497,557091.6391
10.04.2016 16:00:00.000 GMT-0500,0.75425,0.77366,0.75276,0.77199,556275.9506000002
17.04.2016 16:00:00.000 GMT-0500,0.76489,0.78344,0.76307,0.77069,630014.7008999998
24.04.2016 16:00:00.000 GMT-0500,0.76936,0.77649,0.75478,0.76048,634688.6404999995
01.05.2016 16:00:00.000 GMT-0500,0.75954,0.77182,0.73373,0.73670,585089.7860999999
08.05.2016 16:00:00.000 GMT-0500,0.73545,0.74020,0.72538,0.72655,511559.8899999999
15.05.2016 16:00:00.000 GMT-0500,0.72465,0.73659,0.71762,0.72209,455454.0802000002
22.05.2016 16:00:00.000 GMT-0500,0.72233,0.72594,0.71450,0.71804,460999.9695
29.05.2016 16:00:00.000 GMT-0500,0.71766,0.73682,0.71485,0.73660,518117.3003000001
05.06.2016 16:00:00.000 GMT-0500,0.73662,0.75039,0.73151,0.73733,481105.9497999998
12.06.2016 16:00:00.000 GMT-0500,0.73739,0.74453,0.72849,0.73922,510983.3391000001
19.06.2016 16:00:00.000 GMT-0500,0.74326,0.76442,0.73042,0.74653,616875.5979000002
26.06.2016 16:00:00.000 GMT-0500,0.74136,0.75025,0.73245,0.74926,623318.6736000001
03.07.2016 16:00:00.000 GMT-0500,0.74445,0.75731,0.74077,0.75639,595464.2511
10.07.2016 16:00:00.000 GMT-0500,0.75631,0.76757,0.75215,0.75742,588919.7706999998
17.07.2016 16:00:00.000 GMT-0500,0.75909,0.76063,0.74423,0.74608,1551416.2384999997
24.07.2016 16:00:00.000 GMT-0500,0.74588,0.76099,0.74204,0.75985,2693568.4497999996
31.07.2016 16:00:00.000 GMT-0500,0.75908,0.76639,0.74888,0.76152,2210266.7316000005
07.08.2016 16:00:00.000 GMT-0500,0.76179,0.77556,0.75970,0.76466,1831360.1651000006
14.08.2016 16:00:00.000 GMT-0500,0.76533,0.77489,0.75988,0.76247,1899627.5673000007
21.08.2016 16:00:00.000 GMT-0500,0.76024,0.76919,0.75508,0.75590,2031373.7747000009
28.08.2016 16:00:00.000 GMT-0500,0.75554,0.76156,0.74901,0.75689,2173251.341299999
04.09.2016 16:00:00.000 GMT-0500,0.75671,0.77318,0.75357,0.75369,2471538.0074999994
11.09.2016 16:00:00.000 GMT-0500,0.75379,0.75678,0.74418,0.74902,3100626.121
18.09.2016 16:00:00.000 GMT-0500,0.74785,0.76743,0.74769,0.76188,2883530.921700001
25.09.2016 16:00:00.000 GMT-0500,0.76125,0.77099,0.75897,0.76557,3023138.2363000005
02.10.2016 16:00:00.000 GMT-0500,0.76533,0.76907,0.75528,0.75841,2666382.839800001
09.10.2016 16:00:00.000 GMT-0500,0.76053,0.76473,0.75061,0.76145,2436907.665400001
16.10.2016 16:00:00.000 GMT-0500,0.76199,0.77339,0.75809,0.76055,2055353.4635999994
23.10.2016 16:00:00.000 GMT-0500,0.76074,0.77086,0.75575,0.75950,685418.7224
30.10.2016 16:00:00.000 GMT-0500,0.75875,0.76966,0.75828,0.76716,738374.2105
06.11.2016 17:00:00.000 GMT-0500,0.76778,0.77779,0.75249,0.75400,1025578.4508000005
13.11.2016 17:00:00.000 GMT-0500,0.75421,0.75808,0.73300,0.73340,913288.8873000003
20.11.2016 17:00:00.000 GMT-0500,0.73304,0.74677,0.73106,0.74357,763551.7186999997
27.11.2016 17:00:00.000 GMT-0500,0.74431,0.74972,0.73700,0.74524,727616.9726999999
04.12.2016 17:00:00.000 GMT-0500,0.74507,0.75077,0.74121,0.74459,642277.4513999997
11.12.2016 17:00:00.000 GMT-0500,0.74445,0.75244,0.72659,0.73021,772511.4117999998
18.12.2016 17:00:00.000 GMT-0500,0.72816,0.73124,0.71596,0.71746,559292.8704999998
25.12.2016 17:00:00.000 GMT-0500,0.71623,0.72463,0.71620,0.72027,425363.13029999996
01.01.2017 17:00:00.000 GMT-0500,0.72146,0.73564,0.71654,0.72929,658775.6584000001
08.01.2017 17:00:00.000 GMT-0500,0.72942,0.75180,0.72879,0.74980,828944.7819000001
15.01.2017 17:00:00.000 GMT-0500,0.74805,0.75883,0.74579,0.75544,830780.2648
22.01.2017 17:00:00.000 GMT-0500,0.75531,0.76089,0.75113,0.75459,787786.6878999998
29.01.2017 17:00:00.000 GMT-0500,0.75589,0.76958,0.75276,0.76827,713709.7072000001
05.02.2017 17:00:00.000 GMT-0500,0.76784,0.76883,0.76055,0.76743,674413.3503
12.02.2017 17:00:00.000 GMT-0500,0.76793,0.77318,0.76177,0.76644,633943.6824000002
19.02.2017 17:00:00.000 GMT-0500,0.76705,0.77404,0.76494,0.76670,529882.2684
26.02.2017 17:00:00.000 GMT-0500,0.76797,0.77075,0.75428,0.75934,623561.5607000003
05.03.2017 17:00:00.000 GMT-0500,0.75876,0.76323,0.74911,0.75391,594292.6497000002
12.03.2017 16:00:00.000 GMT-0500,0.75455,0.77188,0.75337,0.77012,598213.3397999998
19.03.2017 16:00:00.000 GMT-0500,0.76888,0.77495,0.76037,0.76209,629754.3592999999
26.03.2017 16:00:00.000 GMT-0500,0.76358,0.76792,0.75872,0.76270,485831.9206000001
02.04.2017 16:00:00.000 GMT-0500,0.76257,0.76401,0.74938,0.74967,568187.7483999999
09.04.2017 16:00:00.000 GMT-0500,0.74919,0.75952,0.74728,0.75765,556238.9303000001
16.04.2017 16:00:00.000 GMT-0500,0.75736,0.76102,0.74915,0.75413,525636.0610000001
23.04.2017 16:00:00.000 GMT-0500,0.75842,0.75844,0.74398,0.74848,581260.4504000001
30.04.2017 16:00:00.000 GMT-0500,0.74691,0.75559,0.73674,0.74189,496948.4787
07.05.2017 16:00:00.000 GMT-0500,0.74110,0.74244,0.73287,0.73840,569748.3001999999
14.05.2017 16:00:00.000 GMT-0500,0.73894,0.74692,0.73847,0.74558,618586.1019
21.05.2017 16:00:00.000 GMT-0500,0.74484,0.75171,0.74217,0.74454,537229.7590000001
28.05.2017 16:00:00.000 GMT-0500,0.74379,0.74755,0.73717,0.74391,437228.9111999999
04.06.2017 16:00:00.000 GMT-0500,0.74226,0.75664,0.74219,0.75271,443815.04989999987
11.06.2017 16:00:00.000 GMT-0500,0.75297,0.76351,0.75214,0.76202,479383.2908000002
18.06.2017 16:00:00.000 GMT-0500,0.76152,0.76289,0.75350,0.75656,484388.6101999999
25.06.2017 16:00:00.000 GMT-0500,0.75637,0.77120,0.75625,0.76860,565987.6998000001
02.07.2017 16:00:00.000 GMT-0500,0.76820,0.76949,0.75710,0.76026,537864.0300999999
09.07.2017 16:00:00.000 GMT-0500,0.75977,0.78338,0.75862,0.78273,532304.4100000001
16.07.2017 16:00:00.000 GMT-0500,0.78258,0.79883,0.77861,0.79123,693315.4760999993
23.07.2017 16:00:00.000 GMT-0500,0.79034,0.80653,0.78776,0.79834,674118.7309999998
30.07.2017 16:00:00.000 GMT-0500,0.79813,0.80423,0.78911,0.79261,596949.2112000003
06.08.2017 16:00:00.000 GMT-0500,0.79182,0.79484,0.78387,0.78911,528409.2175
13.08.2017 16:00:00.000 GMT-0500,0.78908,0.79625,0.78075,0.79285,622803.8967999998
20.08.2017 16:00:00.000 GMT-0500,0.79263,0.79539,0.78664,0.79296,597160.4203
27.08.2017 16:00:00.000 GMT-0500,0.79222,0.79955,0.78710,0.79681,722242.6135999997
03.09.2017 16:00:00.000 GMT-0500,0.79470,0.81247,0.79410,0.80530,794353.0599
10.09.2017 16:00:00.000 GMT-0500,0.80554,0.80581,0.79554,0.79998,722836.4392
17.09.2017 16:00:00.000 GMT-0500,0.79957,0.81029,0.79078,0.79592,840960.2349000002
24.09.2017 16:00:00.000 GMT-0500,0.79505,0.79732,0.77993,0.78320,708826.2677000002
01.10.2017 16:00:00.000 GMT-0500,0.78325,0.78747,0.77328,0.77705,634448.3485000002
08.10.2017 16:00:00.000 GMT-0500,0.77683,0.78967,0.77474,0.78857,593695.4506000001
15.10.2017 16:00:00.000 GMT-0500,0.78816,0.78894,0.78081,0.78124,621035.1517999999
22.10.2017 16:00:00.000 GMT-0500,0.78191,0.78341,0.76247,0.76756,636526.8008999998
29.10.2017 16:00:00.000 GMT-0500,0.76750,0.77296,0.76388,0.76490,626141.8705999998
05.11.2017 17:00:00.000 GMT-0500,0.76484,0.77005,0.76270,0.76576,481674.99939999986
12.11.2017 17:00:00.000 GMT-0500,0.76495,0.76654,0.75358,0.75618,428705.3716000001
19.11.2017 17:00:00.000 GMT-0500,0.75654,0.76384,0.75317,0.76158,395289.699
26.11.2017 17:00:00.000 GMT-0500,0.76162,0.76445,0.75510,0.76103,497210.8711000001
03.12.2017 17:00:00.000 GMT-0500,0.75913,0.76533,0.75010,0.75054,457387.1207
10.12.2017 17:00:00.000 GMT-0500,0.75074,0.76943,0.75029,0.76418,466435.25059999985
17.12.2017 17:00:00.000 GMT-0500,0.76441,0.77205,0.76404,0.77127,401840.67829999985
24.12.2017 17:00:00.000 GMT-0500,0.77090,0.78248,0.77084,0.77906,237464.56979999997
31.12.2017 17:00:00.000 GMT-0500,0.78043,0.78744,0.77910,0.78629,338743.4791
07.01.2018 17:00:00.000 GMT-0500,0.78613,0.79240,0.78072,0.79128,486055.2108999999
14.01.2018 17:00:00.000 GMT-0500,0.79023,0.80384,0.79023,0.79898,584882.9410999998
21.01.2018 17:00:00.000 GMT-0500,0.79990,0.81355,0.79563,0.81101,652072.9525
28.01.2018 17:00:00.000 GMT-0500,0.81016,0.81177,0.79175,0.79221,711459.6288
04.02.2018 17:00:00.000 GMT-0500,0.79134,0.79535,0.77588,0.78117,992074.6570000002
11.02.2018 17:00:00.000 GMT-0500,0.78122,0.79882,0.77727,0.79029,763963.5857
18.02.2018 17:00:00.000 GMT-0500,0.79058,0.79349,0.77901,0.78417,684038.1512999999
25.02.2018 17:00:00.000 GMT-0500,0.78377,0.78931,0.77124,0.77613,728084.1810999999
04.03.2018 17:00:00.000 GMT-0500,0.77614,0.78536,0.77253,0.78438,665302.2810999998
11.03.2018 16:00:00.000 GMT-0500,0.78474,0.79160,0.77091,0.77091,568048.8017
18.03.2018 16:00:00.000 GMT-0500,0.77172,0.77850,0.76719,0.76961,626440.0686999997
25.03.2018 16:00:00.000 GMT-0500,0.77021,0.77574,0.76425,0.76789,576137.4495
01.04.2018 16:00:00.000 GMT-0500,0.76855,0.77260,0.76492,0.76711,499289.7698000001
08.04.2018 16:00:00.000 GMT-0500,0.76788,0.78096,0.76517,0.77600,455762.6303999999
15.04.2018 16:00:00.000 GMT-0500,0.77688,0.78124,0.76549,0.76688,400775.6299000002
22.04.2018 16:00:00.000 GMT-0500,0.76699,0.76824,0.75317,0.75809,503868.1814000002
29.04.2018 16:00:00.000 GMT-0500,0.75751,0.75818,0.74723,0.75370,579626.2962000002
06.05.2018 16:00:00.000 GMT-0500,0.75404,0.75667,0.74120,0.75393,589055.1216
13.05.2018 16:00:00.000 GMT-0500,0.75398,0.75646,0.74468,0.75064,569487.9689999999
20.05.2018 16:00:00.000 GMT-0500,0.75200,0.76053,0.75027,0.75456,614299.2793999999
27.05.2018 16:00:00.000 GMT-0500,0.75580,0.75929,0.74758,0.75638,647235.3093999999
03.06.2018 16:00:00.000 GMT-0500,0.75599,0.76765,0.75599,0.75982,554152.7392999998
10.06.2018 16:00:00.000 GMT-0500,0.75886,0.76233,0.74384,0.74384,520375.98940000014
17.06.2018 16:00:00.000 GMT-0500,0.74412,0.74540,0.73453,0.74387,616736.0698000002
24.06.2018 16:00:00.000 GMT-0500,0.74371,0.74423,0.73225,0.74026,767337.9585000005
01.07.2018 16:00:00.000 GMT-0500,0.74049,0.74437,0.73100,0.74271,573666.0998999997
08.07.2018 16:00:00.000 GMT-0500,0.74307,0.74836,0.73599,0.74230,562214.0495
15.07.2018 16:00:00.000 GMT-0500,0.74190,0.74419,0.73177,0.74166,675339.9915999997
22.07.2018 16:00:00.000 GMT-0500,0.74180,0.74643,0.73593,0.73989,602174.3128000003
29.07.2018 16:00:00.000 GMT-0500,0.73976,0.74405,0.73479,0.73948,547699.8992
05.08.2018 16:00:00.000 GMT-0500,0.73969,0.74528,0.72804,0.72965,499796.35
12.08.2018 16:00:00.000 GMT-0500,0.72724,0.73192,0.72021,0.73148,618709.5091000003
19.08.2018 16:00:00.000 GMT-0500,0.73142,0.73815,0.72375,0.73234,533909.3924000001
26.08.2018 16:00:00.000 GMT-0500,0.73252,0.73622,0.71754,0.71896,572852.5209999998
02.09.2018 16:00:00.000 GMT-0500,0.71891,0.72352,0.70983,0.71031,591263.6312
09.09.2018 16:00:00.000 GMT-0500,0.71021,0.72289,0.70848,0.71509,520881.8714
16.09.2018 16:00:00.000 GMT-0500,0.71530,0.73038,0.71416,0.72863,519115.6782999999
23.09.2018 16:00:00.000 GMT-0500,0.72604,0.73145,0.72018,0.72223,478140.8020000002
30.09.2018 16:00:00.000 GMT-0500,0.72246,0.72375,0.70421,0.70458,540787.9723999999
07.10.2018 16:00:00.000 GMT-0500,0.70540,0.71393,0.70410,0.71096,642785.6190999998
14.10.2018 16:00:00.000 GMT-0500,0.71103,0.71594,0.70888,0.71139,586156.1409000001
21.10.2018 16:00:00.000 GMT-0500,0.71141,0.71252,0.70206,0.70892,649570.2436999999
28.10.2018 16:00:00.000 GMT-0500,0.70955,0.72581,0.70503,0.71967,585159.1722999999
04.11.2018 17:00:00.000 GMT-0500,0.71912,0.73022,0.71821,0.72235,594984.8117000001
11.11.2018 17:00:00.000 GMT-0500,0.72192,0.73370,0.71638,0.73283,661605.6487000003
18.11.2018 17:00:00.000 GMT-0500,0.73083,0.73252,0.72021,0.72273,485513.471
25.11.2018 17:00:00.000 GMT-0500,0.72277,0.73440,0.71989,0.73119,533238.3035
02.12.2018 17:00:00.000 GMT-0500,0.73774,0.73931,0.71912,0.71967,612316.8183000002
09.12.2018 17:00:00.000 GMT-0500,0.71862,0.72462,0.71509,0.71735,614432.5583999999
16.12.2018 17:00:00.000 GMT-0500,0.71714,0.72031,0.70306,0.70319,794191.7614000002
23.12.2018 17:00:00.000 GMT-0500,0.70387,0.70774,0.70163,0.70366,564451.8396
30.12.2018 17:00:00.000 GMT-0500,0.70410,0.71243,0.67218,0.71167,708265.9191999999
06.01.2019 17:00:00.000 GMT-0500,0.71149,0.72348,0.71090,0.72135,725760.3511999998
13.01.2019 17:00:00.000 GMT-0500,0.72111,0.72253,0.71465,0.71596,577047.6399000001
20.01.2019 17:00:00.000 GMT-0500,0.71649,0.71848,0.70756,0.71767,563759.9426000001
27.01.2019 17:00:00.000 GMT-0500,0.71761,0.72948,0.71375,0.72475,615771.1825000002
03.02.2019 17:00:00.000 GMT-0500,0.72462,0.72641,0.70600,0.70858,568246.4331
10.02.2019 17:00:00.000 GMT-0500,0.70858,0.71481,0.70536,0.71375,644611.7407999998
17.02.2019 17:00:00.000 GMT-0500,0.71323,0.72066,0.70697,0.71231,730454.6698999999
24.02.2019 17:00:00.000 GMT-0500,0.71346,0.71985,0.70691,0.70759,691604.9903
03.03.2019 17:00:00.000 GMT-0500,0.71071,0.71074,0.70028,0.70423,607152.6322000002
10.03.2019 16:00:00.000 GMT-0500,0.70291,0.70975,0.70262,0.70814,494495.5022
17.03.2019 16:00:00.000 GMT-0500,0.70858,0.71677,0.70563,0.70785,675839.0434999999
24.03.2019 16:00:00.000 GMT-0500,0.70760,0.71473,0.70629,0.70932,639718.6595999997
31.03.2019 16:00:00.000 GMT-0500,0.71167,0.71314,0.70522,0.71016,518782.5324000001
07.04.2019 16:00:00.000 GMT-0500,0.71009,0.71919,0.70870,0.71700,467256.8006999999
14.04.2019 16:00:00.000 GMT-0500,0.71750,0.72055,0.71362,0.71497,438423.86009999993
21.04.2019 16:00:00.000 GMT-0500,0.71498,0.71525,0.69878,0.70353,472928.1505000001
28.04.2019 16:00:00.000 GMT-0500,0.70342,0.70686,0.69844,0.70218,410259.56010000006
05.05.2019 16:00:00.000 GMT-0500,0.69674,0.70476,0.69624,0.69974,599391.0886999998
12.05.2019 16:00:00.000 GMT-0500,0.69896,0.70001,0.68644,0.68659,502462.0877999999
19.05.2019 16:00:00.000 GMT-0500,0.69098,0.69342,0.68645,0.69260,515500.62960000004
26.05.2019 16:00:00.000 GMT-0500,0.69292,0.69439,0.68984,0.69333,455799.66969999985
02.06.2019 16:00:00.000 GMT-0500,0.69275,0.70218,0.69268,0.69979,666189.3289000001
09.06.2019 16:00:00.000 GMT-0500,0.70037,0.70075,0.68609,0.68683,587506.0102
16.06.2019 16:00:00.000 GMT-0500,0.68721,0.69375,0.68314,0.69224,563031.1189999998
23.06.2019 16:00:00.000 GMT-0500,0.69304,0.70224,0.69286,0.70174,571389.3289000001
30.06.2019 16:00:00.000 GMT-0500,0.70298,0.70474,0.69557,0.69761,384990.2586999999
07.07.2019 16:00:00.000 GMT-0500,0.69756,0.70243,0.69101,0.70174,404005.3497999999
14.07.2019 16:00:00.000 GMT-0500,0.70140,0.70817,0.69960,0.70384,454821.2908
21.07.2019 16:00:00.000 GMT-0500,0.70400,0.70569,0.69023,0.69094,413752.7599
28.07.2019 16:00:00.000 GMT-0500,0.69035,0.69160,0.67627,0.67974,623298.2496
04.08.2019 16:00:00.000 GMT-0500,0.67931,0.68213,0.66764,0.67803,665644.5211000002
11.08.2019 16:00:00.000 GMT-0500,0.67810,0.68180,0.67351,0.67756,831937.2726000001
18.08.2019 16:00:00.000 GMT-0500,0.67788,0.67988,0.67354,0.67467,607099.1285
25.08.2019 16:00:00.000 GMT-0500,0.67363,0.67876,0.66892,0.67338,846154.2355
01.09.2019 16:00:00.000 GMT-0500,0.67253,0.68611,0.66872,0.68443,575781.5102
08.09.2019 16:00:00.000 GMT-0500,0.68382,0.68943,0.68370,0.68779,460368.82879999984
15.09.2019 16:00:00.000 GMT-0500,0.68615,0.68836,0.67597,0.67631,494980.85290000006
22.09.2019 16:00:00.000 GMT-0500,0.67719,0.68058,0.67387,0.67622,489384.91969999997
29.09.2019 16:00:00.000 GMT-0500,0.67597,0.67755,0.66704,0.67671,546531.6404000004
06.10.2019 16:00:00.000 GMT-0500,0.67547,0.68101,0.67099,0.67880,537362.2227
13.10.2019 16:00:00.000 GMT-0500,0.67885,0.68562,0.67232,0.68556,511078.27109999995
20.10.2019 16:00:00.000 GMT-0500,0.68454,0.68825,0.68089,0.68196,452235.9016000001
27.10.2019 16:00:00.000 GMT-0500,0.68185,0.69294,0.68104,0.69114,483862.97070000006
03.11.2019 17:00:00.000 GMT-0500,0.69128,0.69277,0.68472,0.68578,465751.7617000001
10.11.2019 17:00:00.000 GMT-0500,0.68552,0.68652,0.67692,0.68168,403454.4317
17.11.2019 17:00:00.000 GMT-0500,0.68119,0.68345,0.67802,0.67821,366947.76059999986
24.11.2019 17:00:00.000 GMT-0500,0.67901,0.67989,0.67539,0.67597,303426.3891000001
01.12.2019 17:00:00.000 GMT-0500,0.67678,0.68617,0.67612,0.68374,347717.9304000002
08.12.2019 17:00:00.000 GMT-0500,0.68282,0.69383,0.67999,0.68718,402916.7919
15.12.2019 17:00:00.000 GMT-0500,0.68835,0.69064,0.68379,0.68960,349321.90910000016
22.12.2019 17:00:00.000 GMT-0500,0.68903,0.69868,0.68903,0.69792,206536.98000000007
29.12.2019 17:00:00.000 GMT-0500,0.69800,0.70316,0.69299,0.69456,289714.8484000001
05.01.2020 17:00:00.000 GMT-0500,0.69416,0.69574,0.68487,0.68981,432678.05050000024
12.01.2020 17:00:00.000 GMT-0500,0.68967,0.69335,0.68700,0.68708,349281.15900000004
19.01.2020 17:00:00.000 GMT-0500,0.68721,0.68882,0.68172,0.68190,352592.17999999993
26.01.2020 17:00:00.000 GMT-0500,0.68119,0.68184,0.66825,0.66850,425487.53939999995
02.02.2020 17:00:00.000 GMT-0500,0.66834,0.67738,0.66619,0.66707,413286.6785
09.02.2020 17:00:00.000 GMT-0500,0.66647,0.67498,0.66647,0.67105,1486960.5639000002
16.02.2020 17:00:00.000 GMT-0500,0.67197,0.67330,0.65855,0.66241,316066.8001
23.02.2020 17:00:00.000 GMT-0500,0.65839,0.66221,0.64335,0.65056,598089.7403000001
01.03.2020 17:00:00.000 GMT-0500,0.64668,0.66570,0.64623,0.66387,602646.4493999998
08.03.2020 16:00:00.000 GMT-0500,0.66057,0.66846,0.61224,0.61835,1060267.5823999997
15.03.2020 16:00:00.000 GMT-0500,0.61473,0.63027,0.55068,0.57978,1399031.0982000001
22.03.2020 16:00:00.000 GMT-0500,0.58034,0.61998,0.56993,0.61572,1425829.9064000002
29.03.2020 16:00:00.000 GMT-0500,0.61497,0.62131,0.59797,0.59867,1164403.308899997
05.04.2020 16:00:00.000 GMT-0500,0.60110,0.63673,0.59845,0.63409,825044.2999999956
12.04.2020 16:00:00.000 GMT-0500,0.63458,0.64272,0.62709,0.63598,0.2612005100000753
19.04.2020 16:00:00.000 GMT-0500,0.63622,0.63981,0.62530,0.63892,527045.5083378813
26.04.2020 16:00:00.000 GMT-0500,0.63807,0.65695,0.63806,0.64149,289990.00769070897
03.05.2020 16:00:00.000 GMT-0500,0.64120,0.65476,0.63723,0.65301,523197.4207999999
10.05.2020 16:00:00.000 GMT-0500,0.65309,0.65611,0.64017,0.64126,614904.1082999998
17.05.2020 16:00:00.000 GMT-0500,0.64190,0.66157,0.64098,0.65334,514925.2208
24.05.2020 16:00:00.000 GMT-0500,0.65315,0.66829,0.65194,0.66650,648625.9327000001
31.05.2020 16:00:00.000 GMT-0500,0.66570,0.70125,0.66479,0.69668,785213.7795000002
07.06.2020 16:00:00.000 GMT-0500,0.69646,0.70637,0.67992,0.68638,922791.0414999996
14.06.2020 16:00:00.000 GMT-0500,0.68410,0.69762,0.67761,0.68336,1001370.4873000003
21.06.2020 16:00:00.000 GMT-0500,0.68098,0.69743,0.68097,0.68641,675124.1509999994
28.06.2020 16:00:00.000 GMT-0500,0.68566,0.69519,0.68322,0.69340,535876.9507000002
05.07.2020 16:00:00.000 GMT-0500,0.69285,0.70007,0.69217,0.69479,538914.3717
12.07.2020 16:00:00.000 GMT-0500,0.69486,0.70373,0.69209,0.69936,628463.4119999998
19.07.2020 16:00:00.000 GMT-0500,0.69849,0.71827,0.69725,0.71040,637721.2289
26.07.2020 16:00:00.000 GMT-0500,0.70873,0.72268,0.70864,0.71418,605047.2389000002
02.08.2020 16:00:00.000 GMT-0500,0.71292,0.72429,0.70759,0.71558,557388.0506000001
09.08.2020 16:00:00.000 GMT-0500,0.71597,0.71894,0.71093,0.71697,477959.71059999993
16.08.2020 16:00:00.000 GMT-0500,0.71646,0.72753,0.71353,0.71598,600063.0277000001
23.08.2020 16:00:00.000 GMT-0500,0.71658,0.73663,0.71414,0.73639,927103.3216
30.08.2020 16:00:00.000 GMT-0500,0.73582,0.74132,0.72218,0.72804,858859.1917999998
06.09.2020 16:00:00.000 GMT-0500,0.72850,0.73241,0.71918,0.72817,595703.0821000002
13.09.2020 16:00:00.000 GMT-0500,0.72767,0.73448,0.72537,0.72852,537496.1883999999
20.09.2020 16:00:00.000 GMT-0500,0.72865,0.73237,0.70052,0.70249,675390.9494999998
27.09.2020 16:00:00.000 GMT-0500,0.70283,0.72086,0.70283,0.71585,641495.0296999998
04.10.2020 16:00:00.000 GMT-0500,0.71659,0.72425,0.70952,0.72396,458352.92049999983
11.10.2020 16:00:00.000 GMT-0500,0.72192,0.72345,0.70556,0.70763,513792.4786000001
18.10.2020 16:00:00.000 GMT-0500,0.70786,0.71577,0.70204,0.71349,446854.0125
25.10.2020 16:00:00.000 GMT-0500,0.71328,0.71569,0.70020,0.70260,589063.5099000001
01.11.2020 17:00:00.000 GMT-0500,0.70237,0.72889,0.69904,0.72558,782664.3195999999
08.11.2020 17:00:00.000 GMT-0500,0.72782,0.73396,0.72211,0.72663,671035.1098999999
15.11.2020 17:00:00.000 GMT-0500,0.72652,0.73394,0.72540,0.73004,484410.0815999999
22.11.2020 17:00:00.000 GMT-0500,0.73006,0.73986,0.72649,0.73778,395498.7098999999
29.11.2020 17:00:00.000 GMT-0500,0.73853,0.74492,0.73388,0.74229,451719.46859999996
06.12.2020 17:00:00.000 GMT-0500,0.74310,0.75714,0.73720,0.75305,456205.7095999999
13.12.2020 17:00:00.000 GMT-0500,0.75489,0.76393,0.75069,0.76193,388939.9605999998
20.12.2020 17:00:00.000 GMT-0500,0.75851,0.76066,0.74617,0.76040,414835.64979999996
27.12.2020 17:00:00.000 GMT-0500,0.75998,0.77418,0.75568,0.76928,283899.43950000004
03.01.2021 17:00:00.000 GMT-0500,0.77027,0.78198,0.76419,0.77591,774333.6895000004
10.01.2021 17:00:00.000 GMT-0500,0.77550,0.78051,0.76658,0.76980,604738.1103000003
17.01.2021 17:00:00.000 GMT-0500,0.77076,0.77820,0.76585,0.77117,524928.4498
24.01.2021 17:00:00.000 GMT-0500,0.77158,0.77635,0.75915,0.76405,785138.4456
31.01.2021 17:00:00.000 GMT-0500,0.76198,0.76780,0.75634,0.76748,607699.9903000003
07.02.2021 17:00:00.000 GMT-0500,0.76679,0.77712,0.76508,0.77592,405447.0407000001
14.02.2021 17:00:00.000 GMT-0500,0.77655,0.78766,0.77240,0.78658,421260.7104999999
21.02.2021 17:00:00.000 GMT-0500,0.78698,0.80068,0.76918,0.77034,696558.0159000001
28.02.2021 17:00:00.000 GMT-0500,0.77107,0.78379,0.76213,0.76815,768368.7798999998
07.03.2021 17:00:00.000 GMT-0500,0.76910,0.78003,0.76211,0.77576,668797.8936000003
14.03.2021 16:00:00.000 GMT-0500,0.77497,0.78489,0.76987,0.77369,596376.2282000001
21.03.2021 16:00:00.000 GMT-0500,0.77041,0.77561,0.75627,0.76371,477627.9796000002
28.03.2021 16:00:00.000 GMT-0500,0.76315,0.76635,0.75315,0.75976,370208.5894000001
04.04.2021 16:00:00.000 GMT-0500,0.76027,0.76765,0.75876,0.76168,363527.1917999998
11.04.2021 16:00:00.000 GMT-0500,0.76135,0.77606,0.75846,0.77327,401877.22049999994
18.04.2021 16:00:00.000 GMT-0500,0.77269,0.78155,0.76902,0.77438,431121.6611000001
25.04.2021 16:00:00.000 GMT-0500,0.77382,0.78175,0.76955,0.77067,391988.9588999998
02.05.2021 16:00:00.000 GMT-0500,0.77197,0.78621,0.76747,0.78412,422116.3088999999
09.05.2021 16:00:00.000 GMT-0500,0.78574,0.78905,0.76879,0.77756,521244.4305000001
16.05.2021 16:00:00.000 GMT-0500,0.77687,0.78132,0.77104,0.77254,461231.99199999997
23.05.2021 16:00:00.000 GMT-0500,0.77278,0.77955,0.76769,0.77078,383041.15890000015
30.05.2021 16:00:00.000 GMT-0500,0.77084,0.77728,0.76450,0.77383,355821.31070000026
06.06.2021 16:00:00.000 GMT-0500,0.77322,0.77753,0.76879,0.77019,322125.0908
13.06.2021 16:00:00.000 GMT-0500,0.77036,0.77255,0.74761,0.74762,536951.5029999999
20.06.2021 16:00:00.000 GMT-0500,0.74834,0.76162,0.74771,0.75895,514763.3883000001
27.06.2021 16:00:00.000 GMT-0500,0.75738,0.76013,0.74441,0.75218,425336.0996000001
04.07.2021 16:00:00.000 GMT-0500,0.75204,0.75985,0.74093,0.74904,579102.2282000001
11.07.2021 16:00:00.000 GMT-0500,0.74779,0.75026,0.73917,0.73930,529363.2300000001
18.07.2021 16:00:00.000 GMT-0500,0.73991,0.74082,0.72890,0.73624,524349.6191000001
25.07.2021 16:00:00.000 GMT-0500,0.73624,0.74131,0.73164,0.73415,512725.1101000003
01.08.2021 16:00:00.000 GMT-0500,0.73323,0.74263,0.73286,0.73518,387628.4297999998
08.08.2021 16:00:00.000 GMT-0500,0.73510,0.73888,0.73155,0.73677,287480.7903
15.08.2021 16:00:00.000 GMT-0500,0.73614,0.73725,0.71056,0.71347,406688.1895
22.08.2021 16:00:00.000 GMT-0500,0.71213,0.73164,0.71100,0.73089,362880.8905999999
29.08.2021 16:00:00.000 GMT-0500,0.73029,0.74775,0.72840,0.74470,371839.58119999996
05.09.2021 16:00:00.000 GMT-0500,0.74531,0.74680,0.73446,0.73512,472696.8512
12.09.2021 16:00:00.000 GMT-0500,0.73473,0.73753,0.72612,0.72613,446731.2993000001
19.09.2021 16:00:00.000 GMT-0500,0.72616,0.73161,0.72196,0.72577,573029.34
26.09.2021 16:00:00.000 GMT-0500,0.72525,0.73106,0.71700,0.72598,644156.1179999998
03.10.2021 16:00:00.000 GMT-0500,0.72568,0.73377,0.72254,0.73052,609955.3158000001
10.10.2021 16:00:00.000 GMT-0500,0.73047,0.74396,0.72917,0.74174,498739.131
17.10.2021 16:00:00.000 GMT-0500,0.74146,0.75460,0.73781,0.74631,505492.86790000007
24.10.2021 16:00:00.000 GMT-0500,0.74647,0.75550,0.74620,0.75191,566867.5081
31.10.2021 16:00:00.000 GMT-0500,0.75059,0.75357,0.73595,0.73979,546958.2097000001
07.11.2021 17:00:00.000 GMT-0500,0.73911,0.74312,0.72761,0.73282,479954.0988
14.11.2021 17:00:00.000 GMT-0500,0.73217,0.73702,0.72264,0.72298,471211.70889999997
21.11.2021 17:00:00.000 GMT-0500,0.72344,0.72729,0.71106,0.71130,567644.0468000001
28.11.2021 17:00:00.000 GMT-0500,0.71353,0.71727,0.69926,0.69951,708970.4727000002
05.12.2021 17:00:00.000 GMT-0500,0.69978,0.71864,0.69978,0.71671,452411.0009000001
12.12.2021 17:00:00.000 GMT-0500,0.71584,0.72233,0.70895,0.71217,484013.10290000006
19.12.2021 17:00:00.000 GMT-0500,0.71271,0.72513,0.70817,0.72159,385687.7088999998
26.12.2021 17:00:00.000 GMT-0500,0.72255,0.72770,0.72051,0.72641,248098.2007
02.01.2022 17:00:00.000 GMT-0500,0.72538,0.72766,0.71293,0.71776,381291.0307000002
09.01.2022 17:00:00.000 GMT-0500,0.71724,0.73138,0.71483,0.72094,460234.4582999999
16.01.2022 17:00:00.000 GMT-0500,0.72147,0.72760,0.71696,0.71721,493083.1712
23.01.2022 17:00:00.000 GMT-0500,0.71708,0.71872,0.69669,0.69917,934230.5518999998
30.01.2022 17:00:00.000 GMT-0500,0.69893,0.71678,0.69866,0.70724,666147.9594999999
06.02.2022 17:00:00.000 GMT-0500,0.70764,0.72483,0.70648,0.71318,669394.7724000004
13.02.2022 17:00:00.000 GMT-0500,0.71260,0.72275,0.70857,0.71711,841442.4491999999
20.02.2022 17:00:00.000 GMT-0500,0.71694,0.72835,0.70942,0.72333,1069264.2737999998
27.02.2022 17:00:00.000 GMT-0500,0.71584,0.73801,0.71568,0.73700,991122.3606999998
06.03.2022 17:00:00.000 GMT-0500,0.73732,0.74408,0.72448,0.72901,1015971.6804999998
13.03.2022 16:00:00.000 GMT-0500,0.72878,0.74174,0.71647,0.74128,723851.9875000002
20.03.2022 16:00:00.000 GMT-0500,0.74034,0.75363,0.73733,0.75123,599125.7204000001
27.03.2022 16:00:00.000 GMT-0500,0.74998,0.75395,0.74555,0.74973,681517.851
03.04.2022 16:00:00.000 GMT-0500,0.74873,0.76607,0.74259,0.74577,594550.5998000001
10.04.2022 16:00:00.000 GMT-0500,0.74548,0.74929,0.73892,0.73898,597893.2385999999
17.04.2022 16:00:00.000 GMT-0500,0.73899,0.74577,0.72342,0.72352,618360.4296999999
24.04.2022 16:00:00.000 GMT-0500,0.72498,0.72501,0.70544,0.70581,958569.9281
01.05.2022 16:00:00.000 GMT-0500,0.70682,0.72657,0.70294,0.70710,998277.8400000001
08.05.2022 16:00:00.000 GMT-0500,0.70624,0.70704,0.68284,0.69356,1252218.2913000009
15.05.2022 16:00:00.000 GMT-0500,0.69174,0.70730,0.68718,0.70381,949470.0906000001
22.05.2022 16:00:00.000 GMT-0500,0.70465,0.71665,0.70351,0.71570,807268.9273000003
29.05.2022 16:00:00.000 GMT-0500,0.71575,0.72826,0.71403,0.72034,686067.4478999999
05.06.2022 16:00:00.000 GMT-0500,0.72115,0.72461,0.70369,0.70440,769123.119
12.06.2022 16:00:00.000 GMT-0500,0.70352,0.70685,0.68500,0.69322,1213615.7489999998
19.06.2022 16:00:00.000 GMT-0500,0.69150,0.69954,0.68687,0.69402,877096.1316000001
26.06.2022 16:00:00.000 GMT-0500,0.69415,0.69641,0.67634,0.68105,1070713.9388999995
03.07.2022 16:00:00.000 GMT-0500,0.68038,0.68943,0.67612,0.68538,1000237.2977000002
10.07.2022 16:00:00.000 GMT-0500,0.68404,0.68540,0.66810,0.67887,1289951.4042999996
17.07.2022 16:00:00.000 GMT-0500,0.67847,0.69769,0.67838,0.69227,1077247.3878
24.07.2022 16:00:00.000 GMT-0500,0.69217,0.70312,0.68782,0.69881,975347.2018999996
31.07.2022 16:00:00.000 GMT-0500,0.69697,0.70466,0.68689,0.69111,1282673.6792000004
07.08.2022 16:00:00.000 GMT-0500,0.68913,0.71363,0.68913,0.71201,917898.2834
14.08.2022 16:00:00.000 GMT-0500,0.71129,0.71246,0.68585,0.68712,1002802.5941000002
21.08.2022 16:00:00.000 GMT-0500,0.68690,0.70084,0.68555,0.68892,1115072.2518000007
28.08.2022 16:00:00.000 GMT-0500,0.68781,0.69556,0.67706,0.68165,1466123.5918999994
04.09.2022 16:00:00.000 GMT-0500,0.67773,0.68768,0.66985,0.68385,1283773.4337999998
11.09.2022 16:00:00.000 GMT-0500,0.68273,0.69155,0.66694,0.67195,1231949.251
18.09.2022 16:00:00.000 GMT-0500,0.67136,0.67470,0.65108,0.65358,1412905.895
25.09.2022 16:00:00.000 GMT-0500,0.65141,0.65374,0.63626,0.64023,2109306.9311000006
02.10.2022 16:00:00.000 GMT-0500,0.63995,0.65470,0.63537,0.63604,1699408.0398
09.10.2022 16:00:00.000 GMT-0500,0.63569,0.63796,0.61695,0.61989,1902839.610700001
16.10.2022 16:00:00.000 GMT-0500,0.62053,0.63923,0.62021,0.63853,1580274.0988999999
23.10.2022 16:00:00.000 GMT-0500,0.63939,0.65214,0.62718,0.64116,2108758.2855999987
30.10.2022 16:00:00.000 GMT-0500,0.63945,0.64916,0.62716,0.64729,1896993.2544999993
06.11.2022 17:00:00.000 GMT-0500,0.64140,0.67162,0.63860,0.67052,1927108.214300001
13.11.2022 17:00:00.000 GMT-0500,0.66994,0.67969,0.66334,0.66684,1991823.6401999998
20.11.2022 17:00:00.000 GMT-0500,0.66585,0.67804,0.65840,0.67466,1321468.4511000004
27.11.2022 17:00:00.000 GMT-0500,0.67163,0.68437,0.66396,0.67914,1709619.6881000008
04.12.2022 17:00:00.000 GMT-0500,0.67835,0.68504,0.66682,0.67930,1530891.6246000002
11.12.2022 17:00:00.000 GMT-0500,0.67827,0.68927,0.66748,0.66851,1270859.5931000002
18.12.2022 17:00:00.000 GMT-0500,0.67037,0.67670,0.66286,0.67130,1074349.4418999997
25.12.2022 17:00:00.000 GMT-0500,0.66918,0.68203,0.66785,0.68126,678184.0053000001
01.01.2023 17:00:00.000 GMT-0500,0.67896,0.68863,0.66874,0.68742,1094140.0005
08.01.2023 17:00:00.000 GMT-0500,0.68773,0.69936,0.68591,0.69676,1086861.173
15.01.2023 17:00:00.000 GMT-0500,0.69681,0.70631,0.68713,0.69672,973371.3786999998
22.01.2023 17:00:00.000 GMT-0500,0.69615,0.71421,0.69591,0.71064,853760.7655999999
29.01.2023 17:00:00.000 GMT-0500,0.70944,0.71573,0.69184,0.69191,1061229.8909999998
05.02.2023 17:00:00.000 GMT-0500,0.68924,0.70108,0.68549,0.69143,971439.5850999999
12.02.2023 17:00:00.000 GMT-0500,0.69135,0.70294,0.68112,0.68761,1024817.1234999999
19.02.2023 17:00:00.000 GMT-0500,0.68645,0.69203,0.67179,0.67219,869631.6371000002
26.02.2023 17:00:00.000 GMT-0500,0.67280,0.67832,0.66945,0.67674,849507.9402
05.03.2023 17:00:00.000 GMT-0500,0.67448,0.67692,0.65633,0.65781,928539.8123999997
12.03.2023 16:00:00.000 GMT-0500,0.66118,0.67242,0.65894,0.66949,1446393.7571
19.03.2023 16:00:00.000 GMT-0500,0.67120,0.67585,0.66246,0.66422,725166.4287
26.03.2023 16:00:00.000 GMT-0500,0.66506,0.67375,0.66333,0.66829,497235.6173999998
02.04.2023 16:00:00.000 GMT-0500,0.66829,0.67928,0.66403,0.66643,501843.82190000016
09.04.2023 16:00:00.000 GMT-0500,0.66491,0.68057,0.66181,0.67040,485904.4009000001
16.04.2023 16:00:00.000 GMT-0500,0.67017,0.67710,0.66773,0.66887,445858.7691999998
23.04.2023 16:00:00.000 GMT-0500,0.66890,0.67050,0.65728,0.66112,411295.09189999994
30.04.2023 16:00:00.000 GMT-0500,0.66118,0.67566,0.66069,0.67456,470921.30029999994
07.05.2023 16:00:00.000 GMT-0500,0.67433,0.68176,0.66357,0.66392,355668.1227000001
14.05.2023 16:00:00.000 GMT-0500,0.66447,0.67092,0.66045,0.66455,359272.049
21.05.2023 16:00:00.000 GMT-0500,0.66434,0.66672,0.64900,0.65142,406962.05009999993
28.05.2023 16:00:00.000 GMT-0500,0.65213,0.66380,0.64579,0.66038,378341.74009999994
04.06.2023 16:00:00.000 GMT-0500,0.65951,0.67503,0.65788,0.67374,358816.1209000001
11.06.2023 16:00:00.000 GMT-0500,0.67254,0.68993,0.67254,0.68715,419154.0185999999
18.06.2023 16:00:00.000 GMT-0500,0.68769,0.68820,0.66623,0.66743,438737.9505000001
25.06.2023 16:00:00.000 GMT-0500,0.66774,0.67203,0.65948,0.66594,428994.2600999999
02.07.2023 16:00:00.000 GMT-0500,0.66599,0.67050,0.65988,0.66868,395112.66169999994
09.07.2023 16:00:00.000 GMT-0500,0.66819,0.68946,0.66231,0.68348,480031.25990000006
16.07.2023 16:00:00.000 GMT-0500,0.68412,0.68464,0.67219,0.67260,534115.4215
23.07.2023 16:00:00.000 GMT-0500,0.67273,0.68207,0.66221,0.66466,614505.5718
30.07.2023 16:00:00.000 GMT-0500,0.66511,0.67390,0.65137,0.65663,543744.2529999998
06.08.2023 16:00:00.000 GMT-0500,0.65713,0.66164,0.64855,0.64919,507174.9704
13.08.2023 16:00:00.000 GMT-0500,0.64951,0.65212,0.63640,0.63997,616303.7493
20.08.2023 16:00:00.000 GMT-0500,0.64054,0.64878,0.63795,0.64011,513061.98870000005
27.08.2023 16:00:00.000 GMT-0500,0.64020,0.65218,0.64008,0.64479,555912.7600000001
03.09.2023 16:00:00.000 GMT-0500,0.64357,0.64801,0.63567,0.63746,483758.20040000003
10.09.2023 16:00:00.000 GMT-0500,0.63823,0.64731,0.63753,0.64268,524201.6478000001
17.09.2023 16:00:00.000 GMT-0500,0.64331,0.65108,0.63851,0.64380,508793.3977000001
24.09.2023 16:00:00.000 GMT-0500,0.64393,0.65005,0.63309,0.64285,552821.6567999998
01.10.2023 16:00:00.000 GMT-0500,0.64211,0.64446,0.62851,0.63829,671186.7768000003
08.10.2023 16:00:00.000 GMT-0500,0.63625,0.64449,0.62859,0.62941,556143.2106
15.10.2023 16:00:00.000 GMT-0500,0.63016,0.63929,0.62955,0.63092,600748.6797999997
22.10.2023 16:00:00.000 GMT-0500,0.63152,0.63992,0.62698,0.63329,588169.2813
29.10.2023 16:00:00.000 GMT-0500,0.63364,0.65179,0.63140,0.65105,603176.5007
05.11.2023 17:00:00.000 GMT-0500,0.65033,0.65226,0.63381,0.63579,529944.9915
12.11.2023 17:00:00.000 GMT-0500,0.63490,0.65418,0.63490,0.65128,541512.4983999999
19.11.2023 17:00:00.000 GMT-0500,0.65013,0.65906,0.65003,0.65810,490057.23130000016
26.11.2023 17:00:00.000 GMT-0500,0.65753,0.66761,0.65663,0.66712,644876.5603999998
03.12.2023 17:00:00.000 GMT-0500,0.66636,0.66901,0.65250,0.65746,732279.4810000001
10.12.2023 17:00:00.000 GMT-0500,0.65665,0.67281,0.65392,0.67001,706572.8051000003
17.12.2023 17:00:00.000 GMT-0500,0.66956,0.68245,0.66899,0.67957,727844.8776
24.12.2023 17:00:00.000 GMT-0500,0.67816,0.68706,0.67684,0.68078,463154.33679999993
31.12.2023 17:00:00.000 GMT-0500,0.68043,0.68386,0.66400,0.67129,580012.5623999999
07.01.2024 17:00:00.000 GMT-0500,0.67148,0.67342,0.66466,0.66856,603363.1409
14.01.2024 17:00:00.000 GMT-0500,0.66819,0.67040,0.65245,0.65935,574708.4882999999
21.01.2024 17:00:00.000 GMT-0500,0.65885,0.66206,0.65512,0.65718,683538.6585999998
28.01.2024 17:00:00.000 GMT-0500,0.65710,0.66242,0.65018,0.65099,768460.9694000003
04.02.2024 17:00:00.000 GMT-0500,0.65100,0.65398,0.64682,0.65213,588139.2662000002
11.02.2024 17:00:00.000 GMT-0500,0.65134,0.65442,0.64422,0.65279,516436.0403
18.02.2024 17:00:00.000 GMT-0500,0.65245,0.65946,0.65210,0.65619,466121.3695000001
25.02.2024 17:00:00.000 GMT-0500,0.65643,0.65664,0.64866,0.65251,418980.56040000013
03.03.2024 17:00:00.000 GMT-0500,0.65211,0.66671,0.64770,0.66218,446468.2100000001
10.03.2024 16:00:00.000 GMT-0500,0.66208,0.66383,0.65517,0.65569,561806.9685999999
17.03.2024 16:00:00.000 GMT-0500,0.65571,0.66342,0.65036,0.65128,571847.7757
24.03.2024 16:00:00.000 GMT-0500,0.65136,0.65587,0.64849,0.65076,394074.1203
31.03.2024 16:00:00.000 GMT-0500,0.65119,0.66185,0.64802,0.65773,509158.92209999997
07.04.2024 16:00:00.000 GMT-0500,0.65743,0.66440,0.64555,0.64602,633094.8292
14.04.2024 16:00:00.000 GMT-0500,0.64639,0.64928,0.63618,0.64158,651431.3987000001
21.04.2024 16:00:00.000 GMT-0500,0.64092,0.65537,0.64092,0.65319,449579.5210000002
28.04.2024 16:00:00.000 GMT-0500,0.65235,0.66485,0.64648,0.66081,577811.5953
05.05.2024 16:00:00.000 GMT-0500,0.66145,0.66432,0.65575,0.66008,379116.07190000004
12.05.2024 16:00:00.000 GMT-0500,0.65990,0.67137,0.65786,0.66922,385496.7091999999
19.05.2024 16:00:00.000 GMT-0500,0.66904,0.67089,0.65917,0.66272,390752.11899999983
26.05.2024 16:00:00.000 GMT-0500,0.66219,0.66794,0.65904,0.66513,467582.09059999994
02.06.2024 16:00:00.000 GMT-0500,0.66460,0.66984,0.65785,0.65788,532984.3112999998
09.06.2024 16:00:00.000 GMT-0500,0.65785,0.67040,0.65753,0.66135,460550.38999999996
16.06.2024 16:00:00.000 GMT-0500,0.65979,0.66789,0.65849,0.66398,342893.65919999994
23.06.2024 16:00:00.000 GMT-0500,0.66349,0.66882,0.66195,0.66676,379764.8807
30.06.2024 16:00:00.000 GMT-0500,0.66792,0.67524,0.66336,0.67471,390843.9906000001
07.07.2024 16:00:00.000 GMT-0500,0.67355,0.67983,0.67235,0.67823,427731.17760000017
14.07.2024 16:00:00.000 GMT-0500,0.67690,0.67883,0.66797,0.66834,464946.40340000007
21.07.2024 16:00:00.000 GMT-0500,0.66880,0.67018,0.65125,0.65462,449976.95150000014
28.07.2024 16:00:00.000 GMT-0500,0.65474,0.65680,0.64792,0.65093,518519.5210000003
04.08.2024 16:00:00.000 GMT-0500,0.65098,0.66049,0.63481,0.65712,857015.4019000002
11.08.2024 16:00:00.000 GMT-0500,0.65664,0.66710,0.65626,0.66672,375982.19900000026
18.08.2024 16:00:00.000 GMT-0500,0.66626,0.67980,0.66568,0.67957,341551.8408
25.08.2024 16:00:00.000 GMT-0500,0.67868,0.68235,0.67510,0.67638,378035.47089999984
01.09.2024 16:00:00.000 GMT-0500,0.67624,0.67944,0.66594,0.66689,423953.19080000004
08.09.2024 16:00:00.000 GMT-0500,0.66644,0.67322,0.66217,0.67022,385423.449
15.09.2024 16:00:00.000 GMT-0500,0.66957,0.68389,0.66955,0.68057,415272.27099999995
22.09.2024 16:00:00.000 GMT-0500,0.67956,0.69368,0.67956,0.69009,398772.7813999999
29.09.2024 16:00:00.000 GMT-0500,0.69022,0.69418,0.67851,0.67922,449694.64820000017
06.10.2024 16:00:00.000 GMT-0500,0.67869,0.68099,0.66993,0.67485,456959.0403999998
13.10.2024 16:00:00.000 GMT-0500,0.67354,0.67449,0.66570,0.67050,362266.0307999999
20.10.2024 16:00:00.000 GMT-0500,0.67030,0.67230,0.66007,0.66010,359898.12929999985